Date,Pm2.5,Precipitation,Days_since_last_precipitation,Humidity,Temperature,Wind Speed
1/24/2018,84.04,1.5,1,84.78,46.59,3.93
1/25/2018,79.1,4.6,2,76.75,48.72,3.02
1/26/2018,83.6,0,3,77.74,49.21,3.58
1/27/2018,80.79,0,4,73.6,48.01,3.71
1/28/2018,94.29,0,5,72.93,47.82,3.52
1/29/2018,106.67,0,6,75.77,48.72,3.54
1/30/2018,112.17,0,7,75.57,50.11,3.02
1/31/2018,116.75,0,8,78.78,50.45,3.15
2/1/2018,121.79,0,9,75.35,51.69,3.48
2/2/2018,123.92,0,10,77.34,52.66,3.58
2/3/2018,107.69,0,11,72.51,53.75,3.83
2/4/2018,101.88,0,12,60.39,53.11,4.83
2/5/2018,98.29,0,13,55.38,57.01,3.58
2/6/2018,108.08,0,14,58.26,58.4,3.67
2/7/2018,104.31,0,15,57.18,55.4,2.96
2/8/2018,80.29,0,16,41.9,55.74,4.4
2/9/2018,77.79,0,17,43.35,54.5,4.15
2/10/2018,72.27,0,18,48.7,53.98,4.67
2/11/2018,83.5,0,19,76.96,55.98,3.93
2/12/2018,139.54,1.5,20,66.02,53.86,2.81
2/13/2018,106.12,0,21,75.45,54.91,2.31
2/14/2018,114.65,0,22,67.67,55.06,4.42
2/15/2018,69.25,0,23,70.23,56.98,4.06
2/16/2018,82.29,0,24,75.4,57.69,3.71
2/17/2018,89.42,0,25,74.01,57.05,4.83
2/18/2018,91.27,0,26,70.05,56.19,4.67
2/19/2018,98.67,0,27,72.68,56.04,4.23
2/20/2018,103.44,0,28,71.6,56.49,3.54
2/21/2018,107.89,0,29,65.16,58.7,3.28
2/27/2018,47.8,0,30,72.91,62.69,4.7
2/28/2018,87.21,0,31,74.58,62.26,4.33
3/1/2018,91.73,0,32,74.62,62.68,4.58
3/2/2018,89.75,0,33,69.36,60.99,4.75
3/3/2018,48.9,2.6,34,65.84,61.96,3.94
3/4/2018,79.06,0,35,59.07,64.06,5.17
3/5/2018,64.88,0,36,51.47,63.46,5.85
3/6/2018,52.69,0,37,50.08,61.21,4.69
3/7/2018,79.15,0,38,62.58,61.59,5.27
3/8/2018,88.92,0,39,70,61.02,4.64
3/9/2018,78.44,0,40,64.78,62.04,4.67
3/10/2018,81.54,0,41,63.24,61.89,4.19
3/11/2018,104.31,0,42,79.59,58.25,3.62
3/12/2018,85.31,14.3,0,73.92,59.17,3.34
3/13/2018,89.08,0.2,1,73.4,62.38,4.12
3/14/2018,91.52,0,2,71.11,64.36,4.79
3/15/2018,92.48,0,3,65.35,63.09,4.39
3/16/2018,36.92,5,0,56.28,62.64,7.85
3/17/2018,65.69,0,1,48.84,61.81,5
3/18/2018,99.6,0,2,53.72,61.59,4.47
3/19/2018,126.38,0,3,56.43,63.61,3.77
3/20/2018,133.83,0,4,57.32,64.94,4.86
3/21/2018,132.96,0,5,57.82,65.86,4.58
3/22/2018,114.25,0,6,54.34,65.94,5.31
3/23/2018,97.92,0,7,50.22,65.6,4.29
3/24/2018,112.38,0,8,51.23,65.82,4.6
3/25/2018,135.88,0,9,54.44,65.52,4.46
3/26/2018,145.67,0,10,66.71,61.29,4.62
3/27/2018,120.54,0.6,11,57.01,66.46,4.85
3/28/2018,139.77,0,12,64.72,65.68,6.69
3/29/2018,62.08,3,13,55.89,66.78,4.72
3/30/2018,47.52,2,14,48.48,62.49,6.79
3/31/2018,40.52,0,15,57.62,63.88,4.5
4/1/2018,81.04,11.5,0,56.28,66.76,4.29
4/2/2018,78.19,0,1,68.89,66.61,4.9
4/3/2018,59.73,51.2,0,73.09,65.94,3.9
4/4/2018,47.65,3.2,1,86.87,60.88,3.58
4/5/2018,45.29,17.7,0,74.03,63.76,4.08
4/6/2018,53.94,0,1,73.74,66.54,4.69
4/7/2018,46.81,6.2,0,76.68,64.4,3.42
4/8/2018,59.98,0,1,72.01,66.05,3.21
4/9/2018,63.48,2.8,2,74.84,66.35,3.85
4/10/2018,58.79,0,3,72.61,64.85,3.12
4/11/2018,59.65,0,4,73.88,64.81,4.92
4/12/2018,46.5,0.2,5,53.22,70.86,6.98
4/13/2018,49.19,0,6,40.75,70.35,7.37
4/14/2018,58.81,0,7,49.86,67.21,4.79
4/15/2018,77.23,0,8,54.11,69.05,4.96
4/16/2018,84.96,0,9,66.67,70.16,4.96
4/17/2018,63.33,9.5,0,75.21,66.76,4.38
4/18/2018,56.06,3.2,1,71.95,68.9,4.83
4/19/2018,52.71,0,2,74.21,68.79,3.99
4/20/2018,57.29,1.5,3,62.99,70.18,5.29
4/21/2018,55,0,4,52.12,71.11,6.15
4/22/2018,60.02,0,5,44.3,70.94,4.69
4/23/2018,103.71,0,6,47.51,69.65,5.65
4/24/2018,112.88,0,7,50.06,69.27,4.85
4/25/2018,90.62,0,8,59.11,69.09,4.35
4/26/2018,93.69,0,9,76.19,64.77,4.77
4/27/2018,59.85,2.2,10,77.6,65.56,3.44
4/28/2018,57.29,33,0,85.53,64.51,3.21
4/29/2018,44.06,6.3,0,83.2,65.38,3
4/30/2018,35.85,0.3,1,82.36,63.86,4.62
5/1/2018,35.81,0,2,78.06,67.92,4.02
5/2/2018,42.15,13,0,76.52,69.12,4.52
5/3/2018,31.83,1.3,1,86.97,63.54,2.94
5/4/2018,39.6,1.6,2,76.18,67.1,5.02
5/5/2018,35.31,0.5,3,75.54,69.09,3.58
5/6/2018,42.79,0,4,77.14,69.61,4.12
5/7/2018,53.96,0,5,67.85,72.2,5.55
5/8/2018,54.83,0.6,6,53.31,73.66,7.03
5/9/2018,32.75,2.3,7,54.21,72.01,5.77
5/10/2018,43.1,0,8,59,68.6,4.52
5/11/2018,49.67,0,9,67.91,70.44,4.4
5/12/2018,47.6,0,10,72.8,72.01,4.52
5/13/2018,45.35,0,11,81.15,69.69,4.31
5/14/2018,27.52,21,0,87.94,62.9,3.1
5/15/2018,33.65,0.6,1,75.8,67.25,3.1
5/16/2018,39.15,0,2,77.2,70.06,4.67
5/17/2018,26.5,10,0,82.68,67.78,3.38
5/18/2018,42.79,0.3,1,78.7,70.59,3.25
5/19/2018,43.96,0,2,81.76,70.4,2.94
5/20/2018,41.96,10.6,0,77.7,72.73,3.46
5/21/2018,44.35,0,1,75.82,74.19,4.54
5/22/2018,38.75,7.5,0,78.12,75.16,4.27
5/23/2018,33.15,0,1,78.92,75.39,5.6
5/24/2018,25.25,16.3,0,78.05,73.96,4.44
5/25/2018,40.1,0.2,1,68.9,76.59,4.98
5/26/2018,55.6,0.5,2,69.59,76.36,4.35
5/27/2018,61.06,0,3,65.23,75.27,4.9
5/28/2018,40.75,0,4,68.12,69.24,4.21
5/29/2018,43.94,2.6,5,72.45,71.04,4.42
5/30/2018,37.6,42,0,86.98,68.82,2.73
5/31/2018,47.33,23.8,0,83.14,69.95,2.83
10/1/2018,35.58,0,1,77.54,71.53,4.85
10/2/2018,35.54,0,2,80.38,69.5,3.79
10/3/2018,38.08,0,3,77.71,69.42,4.29
10/4/2018,45.38,0,4,77.06,68.04,3.19
10/5/2018,40.92,0,5,78.29,67.51,3.44
10/6/2018,41.58,0,6,79.32,66.54,3.35
10/7/2018,37.79,2.3,7,75.33,65.86,3.88
10/8/2018,39.12,9.1,0,74.1,65.11,3.81
10/9/2018,42.19,0,1,76.35,66.54,3.62
10/10/2018,43.44,0,2,79.3,67.32,3.81
10/11/2018,38.46,0.5,3,75.21,68.53,4.4
10/12/2018,27.94,0,4,78.23,66.35,4.95
10/13/2018,18.5,0,5,75.33,66.42,4.46
10/14/2018,26.06,0,6,74.19,65.71,4.06
10/15/2018,36.1,0,7,77.14,65.11,3.75
10/16/2018,42.58,0,8,76.09,65.9,4.31
10/17/2018,47.5,0,9,77.68,64.96,3.85
10/18/2018,48.25,0,10,78.05,64.7,3.44
10/19/2018,39.04,0,11,73.86,64.55,3.56
10/20/2018,40.75,0,12,76.91,64.62,3.46
10/21/2018,39.21,0,13,77.34,64.21,3.23
10/22/2018,40.71,0,14,66.97,62.64,4.69
10/23/2018,41.33,0,15,67.18,60.8,3.33
10/24/2018,43.71,0,16,70.06,60.12,3.85
10/25/2018,48.33,0,17,72.43,60.31,3.27
10/26/2018,45.08,0,18,66.52,60.54,3.65
10/27/2018,44.56,0,19,63.45,60.8,3.58
10/28/2018,40.08,0,20,65.89,61.51,3
10/29/2018,50.5,0,21,70.29,62.04,3.44
10/30/2018,47.42,0,22,69.01,62.98,3.17
10/31/2018,58.33,0,23,65.73,63.2,3.54
11/1/2018,48.67,0,24,69.99,62.52,3.52
11/2/2018,44.92,0,25,69.05,61.25,4.06
11/3/2018,42.96,0,26,69.9,60.42,3.38
11/4/2018,58.08,0,27,68.08,59.71,4.44
11/5/2018,59.98,0,28,64.77,58.48,3.96
11/6/2018,53.38,0,29,68.8,57.76,3.29
11/7/2018,55.67,0,30,71.95,57.61,3.75
11/8/2018,59.83,0,31,74.94,58.48,3.35
11/9/2018,51.98,0,32,77.76,58.59,3.02
11/10/2018,43.12,0,33,75.47,57.76,3.04
11/11/2018,42.65,0,34,74.81,57.5,3.1
11/12/2018,48.65,0,35,74.79,58.62,2.96
11/13/2018,58.77,0,36,77.61,58.21,3.12
11/14/2018,65.15,0,37,73.5,58.06,3.42
11/15/2018,67.88,0,38,69.28,57.54,4.23
11/16/2018,64.27,0,39,70.3,56.3,3.33
11/17/2018,62.98,0,40,75.57,55.32,3.48
11/18/2018,65.83,0,41,78.55,55.4,3.77
11/19/2018,88.69,0,42,81.73,54.69,2.9
11/20/2018,103.27,0,43,82.42,55.1,2.98
11/21/2018,110.83,0,44,80.38,57.01,3.15
11/22/2018,95.81,0,45,76.92,56.75,3.1
11/23/2018,78.04,0,46,73.03,56.71,3.42
11/24/2018,73.56,0,47,78.71,55.55,3.1
11/25/2018,79.65,0,48,75.2,57.05,2.81
11/26/2018,65.38,0,49,75.76,57.05,3.1
11/27/2018,65.58,0,50,78.53,56.49,2.67
11/28/2018,76.81,0,51,76.03,57.5,2.56
11/29/2018,70.29,0,52,78.01,58.02,3.23
11/30/2018,63.42,0,53,79.79,55.96,3.23
12/1/2018,68.4,0,54,77.96,55.19,2.61
12/2/2018,66.12,0,55,76.04,54.72,2.98
12/3/2018,80.56,0,56,77.57,53.86,3.17
12/4/2018,90.44,0,57,77.81,53.11,3.02
12/5/2018,97.27,0,58,78.36,53.15,2.65
12/6/2018,77.83,0,59,76.84,52.92,3.08
12/7/2018,72.12,0,60,77.88,52.04,3.26
12/8/2018,79.33,0,61,75.52,51.58,2.78
12/9/2018,74.42,0,62,75.54,51.76,3
12/10/2018,74.96,0,63,72.11,51.58,3.17
12/11/2018,66.23,0,64,72.71,50.98,2.94
12/12/2018,62.4,0,65,67.44,52.78,2.77
12/13/2018,78.65,0,66,63.96,54.8,2.92
12/14/2018,92.73,0,67,65.74,52.92,3.03
12/15/2018,86.27,0,68,67.52,51.05,3.15
12/16/2018,86.42,0,69,67.66,50.38,2.38
12/17/2018,150.73,0,70,65.51,51.01,2.71
12/18/2018,104.42,0,71,70.28,51.76,3.38
12/19/2018,109.33,0,72,77.28,50.71,2.88
12/20/2018,122.19,0,73,79.69,51.61,2.79
12/21/2018,99.77,0,74,75.59,52.06,2.65
12/22/2018,98.71,0,75,76.79,50.3,3.52
12/23/2018,99.31,0,76,75.42,49.96,2.4
12/24/2018,91.04,0,77,75.12,49.85,3.21
12/25/2018,87.77,0,78,71.47,48.72,3.25
12/26/2018,82.02,0,79,76.19,48.88,3.54
12/27/2018,89.08,0,80,76.25,47.49,4.42
12/28/2018,98.33,0,81,71.15,46.85,3.04
12/29/2018,106.48,0,82,70.45,46.81,2.81
12/30/2018,129.67,0,83,68.76,47.22,2.88
12/31/2018,127,0,84,66.62,48.12,2.71
1/1/2019,113.33,0,85,67.59,47.79,3.4
1/2/2019,105.56,0,86,66.4,47.68,3.66
1/3/2019,91.08,0,87,68.78,46.7,3.75
1/4/2019,92.1,0,88,68.74,45.95,4.23
1/5/2019,121.29,0,89,71.45,47.11,2.75
1/6/2019,132.92,0,90,64.81,50.71,2.62
1/7/2019,131.54,0.6,91,71.63,48.5,4
1/8/2019,101.98,0,92,62.68,50.22,3.12
1/9/2019,104.73,0,93,72.37,50.04,3.1
1/10/2019,105.73,0,94,75.56,49.61,3.07
1/11/2019,118.92,0,95,78.47,49.89,3.25
1/12/2019,132.29,0,96,75.07,49.66,2.5
1/13/2019,132.17,0,97,73.07,49.78,3.48
1/14/2019,105.67,0,98,69.81,48.99,3.65
1/15/2019,108.12,0,99,70.96,49.18,3.15
1/16/2019,104.85,0,100,75.56,49.59,3.27
1/17/2019,118.23,0,101,74.68,49.92,2.77
1/18/2019,112.56,0,102,74.48,50.49,3.04
1/19/2019,106.1,0,103,72.98,50.22,3.31
1/20/2019,100.44,0,104,73.24,51.16,3.04
1/21/2019,116.35,0,105,69.71,52.66,3.14
1/22/2019,108.27,0,106,69.1,54.91,3.5
1/23/2019,47.27,10.1,0,93.51,47.56,3.54
1/24/2019,88.88,4.2,1,75.3,50.45,3.4
1/25/2019,79.77,0,2,75.83,51.76,3.23
1/26/2019,56.77,3.5,3,89.08,49.59,3.03
1/27/2019,118.98,0.7,4,78.3,50.26,2.69
1/28/2019,89.06,0,5,76.89,49.4,3.27
1/29/2019,75.56,0,6,74.99,47.68,3.96
1/30/2019,87.1,0,7,69.16,49.59,3.23
1/31/2019,96.1,0,8,72.71,51.95,3
2/1/2019,116.92,0,9,71.77,52.36,3.71
2/2/2019,104.58,0,10,66.21,51.95,3.69
2/3/2019,88,0,11,66.69,52.81,3.73
2/4/2019,87,0,12,70.89,53.92,3.41
2/5/2019,99.02,0,13,74.13,53.75,3.52
2/6/2019,97.4,0,14,71.95,55.62,3.44
2/7/2019,79.65,2.5,15,98.38,50.08,2.4
2/8/2019,42.19,18.3,0,85.96,51.24,3.98
2/9/2019,21.9,21.5,0,80.96,46.06,5.33
2/10/2019,55.52,7.7,0,73.12,50.56,3.42
2/11/2019,67.12,0,1,76.59,53.19,3.04
2/12/2019,74.48,0,2,76.42,53.82,3.4
2/13/2019,75.25,0,3,76.69,56.04,3.15
2/14/2019,103.71,0,4,80.54,56.04,3
2/15/2019,83.42,0,5,76.11,56.08,3.31
2/16/2019,50.83,0,6,83.58,51.03,4.29
2/17/2019,45.77,5,0,76.81,51.24,4.65
2/18/2019,52.21,0,1,76.39,53.75,5.72
2/19/2019,63.67,1.2,2,76.85,53.15,3.73
2/20/2019,65.73,0,3,71.93,55.44,4
2/21/2019,76.12,0,4,71.36,58.85,4.52
2/22/2019,75.56,0,5,63.41,60.31,5.12
2/23/2019,61.69,0,6,62.2,58.78,4.31
2/24/2019,63.9,0,7,52.61,59.68,3.04
2/25/2019,32.12,0,8,52.58,56.52,3.96
2/26/2019,43.15,0,9,46.68,56.79,4.38
2/27/2019,38.33,0,10,71.92,51.16,6.19
2/28/2019,13.04,29,0,71.08,47.82,6.21
3/1/2019,18.71,0,1,73.06,48.27,5.71
3/2/2019,24.39,0,2,75.04,48.72,5.21
3/3/2019,30.06,0,3,77.02,49.16,4.71
3/4/2019,35.74,0,4,79,49.62,4.21
3/5/2019,41.42,0,5,80.98,50.08,3.71
3/6/2019,50.62,0,6,66.78,55.62,4.9
3/7/2019,59.92,0,7,69.37,56.9,5.02
3/8/2019,58.79,0,8,69.91,55.96,5.1
3/9/2019,66.19,0,9,66.92,57.95,4.08
3/10/2019,68.16,0,10,58.27,59.41,3.85
3/11/2019,66.25,0,11,60.38,60.42,4.38
3/12/2019,68.52,0,12,49.38,61.66,5.5
3/13/2019,70.79,0,13,46.28,64.62,4.96
3/14/2019,69.33,0,14,46.56,64.7,4
3/15/2019,57.67,0,15,47,63.05,4.85
3/16/2019,65.69,0,16,52.88,62.6,4.46
3/17/2019,71.88,0,17,59.86,62.6,4.35
3/18/2019,73.5,0,18,67.42,58.1,4.44
3/19/2019,75.17,4,19,73.52,57.95,4.83
3/20/2019,57.96,11,0,69.54,59.11,4.25
3/21/2019,55.29,0.6,1,56.55,62,5
3/22/2019,62.02,0,2,49.48,63.69,4.12
3/23/2019,81.04,0,3,55.33,63.59,4.51
3/24/2019,131.4,0,4,63.24,64.02,5.69
3/25/2019,142,0,5,73.34,62.3,4.75
3/26/2019,43.83,5.8,0,82.66,55.66,3.48
3/27/2019,37.46,16,0,72.68,60.42,3.83
3/28/2019,56.88,0,1,68.48,65.19,4.29
3/29/2019,76.17,0,2,72.71,65.97,3.96
3/30/2019,99.25,0,3,81.4,64.51,3.33
3/31/2019,68.77,0,4,72.72,63.72,5.81
4/1/2019,37,3.5,5,56.57,65.86,5.02
4/2/2019,32.33,0,6,57.3,65.11,4.29
4/3/2019,63.15,0,7,68.08,66.65,5.12
4/4/2019,74.21,0,8,82.61,64.81,4.33
4/5/2019,97.27,3,9,85.24,65.23,3.21
4/6/2019,60.6,9.7,0,92.95,59,3.6
4/7/2019,26.23,6.8,0,81.53,61.49,4.52
4/8/2019,43.08,2.4,1,74.42,66.46,4.1
4/9/2019,48.65,5.5,0,78.41,63.61,3.48
4/10/2019,41.62,1.1,1,73.58,67.36,4.38
4/11/2019,39.46,0,2,75.93,68.08,4.28
4/12/2019,48.54,0,3,75.51,69.69,3.88
4/13/2019,52.92,0,4,75.7,70.81,4.57
4/14/2019,51.9,0,5,84.2,67.77,3.9
4/15/2019,45.94,4,6,83.16,68.86,3.98
4/16/2019,49.71,9,0,76.16,69.18,5
4/17/2019,26.04,6.5,0,75.48,65.52,4.15
4/18/2019,38.12,0.2,1,62.51,67.51,4.56
4/19/2019,42.88,0,2,73.22,62.3,4.12
4/20/2019,46.77,31.4,0,67.45,65.3,4.06
4/21/2019,66.75,0,1,76.46,64.44,4.08
4/22/2019,71.19,0.5,2,81.54,64.42,3.38
4/23/2019,64.65,5.6,0,76.38,67.21,3.48
4/24/2019,73.04,0,1,73.36,70.92,3.25
4/25/2019,65.04,3.4,2,80.2,68.49,4.12
4/26/2019,60.1,1.6,3,86.6,68.82,2.58
4/27/2019,80.08,8.6,0,72.99,73.25,3.69
4/28/2019,69.46,0,1,71.76,75.16,3.94
4/29/2019,76.29,0,2,70.69,74.23,4.81
4/30/2019,76.94,0,3,67.56,74.52,4.58
5/1/2019,67.06,2.5,4,55.94,74.34,5.69
5/2/2019,50,0,5,60.92,75.93,5.6
5/3/2019,57.77,6.2,0,81.95,66.5,3.33
5/4/2019,40.23,0,1,72.27,69.95,5.71
5/5/2019,46,0,2,58.85,71.82,5.46
5/6/2019,68.1,0,3,55.72,71.98,4.23
5/7/2019,90.94,0,4,59.73,73.29,4.25
5/8/2019,99,0,5,59.58,74.08,4.44
5/9/2019,113.38,0,6,61.81,74.82,4.56
5/10/2019,118.06,0,7,57.27,77.15,4.23
5/11/2019,91.81,0,8,50.01,75.69,5.83
5/12/2019,51.71,0,9,66.31,68.86,4.06
5/13/2019,57.92,7.8,0,72.77,66.89,3.05
5/14/2019,64.56,0,1,66.24,69.95,4.5
5/15/2019,49.62,1.2,2,72.2,69.39,4.83
5/16/2019,49.56,5.9,0,75.82,69.8,4.4
5/17/2019,44.4,0.7,1,62.46,73.21,5.56
5/18/2019,65.75,0,2,57.44,72.95,6.44
5/19/2019,55.52,1,3,61.9,73.59,5.1
5/20/2019,93.02,0,4,61.68,75.76,4.46
5/21/2019,77.81,0,5,67.1,75.16,4.5
5/22/2019,64.1,0,6,72.09,72.95,4.79
5/23/2019,56.79,3.5,7,71.3,74.11,4.42
5/24/2019,78,0,8,76.73,72.91,4.98
5/25/2019,43.81,0.2,9,65.47,73.29,6.1
5/26/2019,30.9,1.1,10,65.48,73.81,4.51
5/27/2019,52.42,0,11,61.95,75.16,4.98
5/28/2019,51.54,0,12,65.67,75.2,5.42
5/29/2019,58.08,0,13,81.17,70.51,4.29
5/30/2019,53.69,19.5,0,85.64,68.08,3.42
5/31/2019,49.73,5.5,0,78.38,72.01,3.67
10/1/2019,7.35,0,1,83.93,70.06,4.19
10/2/2019,14.12,0,2,83.81,70.14,3.62
10/3/2019,19.83,0,3,84.16,70.4,3.75
10/4/2019,17.67,0,4,82.82,70.85,3.94
10/5/2019,16.02,0,5,83.86,71.34,3.52
10/6/2019,19.31,0,6,80.57,70.66,3.52
10/7/2019,23.12,0,7,78.51,71.3,3.42
10/8/2019,23.23,0,8,83.63,68.86,5.08
10/9/2019,12.54,0,9,81.88,67.85,3.9
10/10/2019,15.46,0,10,80.15,67.7,4.21
10/11/2019,29.56,0,11,79.41,67.06,3.94
10/12/2019,24.31,0,12,76.99,67.48,3.6
10/13/2019,27.73,0,13,77.36,67.66,3.42
10/14/2019,34.58,0,14,77.7,68.15,3.81
10/15/2019,33.83,0,15,78.46,68.04,3.58
10/16/2019,30.5,0,16,77.95,68.49,3.85
10/17/2019,28.52,0,17,79.75,68.49,4.12
10/18/2019,30.79,0,18,80.4,68.19,3.19
10/19/2019,34.79,0,19,76.73,68.56,4.02
10/20/2019,38.04,0,20,83.42,66.12,2.75
10/21/2019,43.15,0,21,81.11,65.6,3.31
10/22/2019,41.38,0,22,76.76,64.74,4
10/23/2019,48.56,0,23,82.02,62.38,2.56
10/24/2019,43.83,0,24,77.94,62.94,3.81
10/25/2019,55.94,0,25,84.09,62.34,2.38
10/26/2019,42.58,0,26,79.72,62.75,3.9
10/27/2019,38.79,0,27,74.35,63.91,3.83
10/28/2019,41.25,0,28,80.42,62.82,2.97
10/29/2019,40.06,0,29,76.3,63.46,3.46
10/30/2019,31.44,0,30,79.03,63.69,3.4
10/31/2019,31.17,0,31,75.58,63.72,3.73
11/1/2019,42.27,0,32,79.37,63.28,3.58
11/2/2019,47.27,0,33,81.22,63.99,3.27
11/3/2019,47.08,0,34,78.89,64.44,3.21
11/4/2019,36.88,0,35,80.26,63.99,3.38
11/5/2019,41.58,0,36,77.65,63.12,3.73
11/6/2019,59.9,0,37,79.86,62.64,3.21
11/7/2019,56.81,0,38,78.84,64.44,3.33
11/8/2019,59.38,0,39,82.36,63.24,2.48
11/9/2019,53.27,0,40,80.69,63.05,3.04
11/10/2019,38.71,0,41,79.79,62.86,3.75
11/11/2019,37.23,0,42,80.42,61.78,3.69
11/12/2019,48.83,0,43,82.32,62.49,3.06
11/13/2019,49.85,0,44,80.6,62.75,2.96
11/14/2019,50.73,0,45,75.97,63.28,2.96
11/15/2019,46.58,0,46,76.86,63.24,3.48
11/16/2019,42.06,0,47,82.85,62.11,3.46
11/17/2019,38.46,0,48,81.47,63.72,3.85
11/18/2019,49.73,0,49,79.15,62.38,3.15
11/19/2019,69.65,0,50,79.11,61.74,5.04
11/20/2019,77.15,0,51,77.62,61.48,3.12
11/21/2019,73.83,0,52,78.7,60.88,3.06
11/22/2019,70.77,0,53,79.41,59.3,3.15
11/23/2019,73.52,0,54,80.16,59.38,2.72
11/24/2019,75.73,0,55,84.57,59.75,2.52
11/25/2019,66.77,0,56,80.62,60.39,2.81
11/26/2019,76.6,0,57,79.51,59.75,2.94
11/27/2019,76.42,0,58,78.53,58.25,3.19
11/28/2019,63.31,0,59,70.74,57.39,3.29
11/29/2019,70.62,0,60,68,57.05,2.65
11/30/2019,56.67,0,61,70.39,55.44,3.62
12/1/2019,51.6,0,62,70.81,54.35,3.69
12/2/2019,51.04,0,63,80.24,53.98,3.12
12/3/2019,55.77,0,64,79.05,53.34,3
12/4/2019,71.35,0,65,79.43,53.79,2.65
12/5/2019,90.88,0,66,76.02,53.6,2.69
12/6/2019,90.02,0,67,70.17,53.19,2.81
12/7/2019,81.35,0,68,71.01,52.48,2.85
12/8/2019,66.23,0,69,71.27,52.62,3.02
12/9/2019,61.65,0,70,77.45,52.14,3.25
12/10/2019,62.69,0,71,79.42,53.08,3.23
12/11/2019,55.17,0,72,77.73,53.86,3.35
12/12/2019,74.98,0,73,83.97,53.64,2.17
12/13/2019,86.85,0,74,94.72,49.59,4.19
12/14/2019,25.58,33.4,0,86.98,51.91,3.81
12/15/2019,53.92,0,1,86.27,51.05,2.9
12/16/2019,56.56,0,2,82.74,50.56,3.12
12/17/2019,51.81,0,3,79,49.36,3.15
12/18/2019,58.29,0,4,78.38,49.02,3.15
12/19/2019,69.73,0,5,77.85,49.89,3.04
12/20/2019,79.4,0,6,77.49,50.75,2.58
12/21/2019,97.38,0,7,79.17,51.12,2.42
12/22/2019,87.9,0,8,71.21,50.71,3.69
12/23/2019,78.1,0,9,75.05,49.62,3.12
12/24/2019,69.52,0,10,77.25,48.54,3.23
12/25/2019,83.52,0,11,73.7,46.62,3.17
12/26/2019,76.46,0,12,73.8,45.42,2.96
12/27/2019,78.06,0,13,72.52,44.82,3.36
12/28/2019,99.75,0,14,68.07,46.85,2.69
12/29/2019,116.42,0,15,70.69,47.22,3.1
12/30/2019,104.98,0,16,67.53,47.68,3
12/31/2019,136.42,0,17,65.54,48.28,2.83
1/1/2020,146.22,0,18,72.13,49.25,2.4
1/2/2020,151.85,0,19,74.12,50.66,2.35
1/3/2020,147.54,0,20,93.57,46.29,2.1
1/4/2020,65.21,5.2,0,93.47,47.08,2.35
1/5/2020,42.71,1.5,1,79.08,46.25,3.31
1/6/2020,67.38,0,2,81.3,47.15,2.96
1/7/2020,78.33,0,3,81.55,50.22,2.81
1/8/2020,108.17,0,4,90.1,48.18,2.03
1/9/2020,68.46,3,5,93.55,47.7,2.28
1/10/2020,61.31,0.3,6,84.35,48.65,2.96
1/11/2020,82.19,0,7,80.9,48.65,2.76
1/12/2020,93.79,0,8,78.04,50.21,2.92
1/13/2020,103.38,0,9,76.62,51.28,3.23
1/14/2020,99,0,10,75.82,52.7,3.21
1/15/2020,92.12,0,11,73.19,53.41,3.92
1/16/2020,88.73,0,12,87.29,51.01,2.06
1/17/2020,48.6,20.8,0,100,47.38,2.04
1/18/2020,73.58,32.4,0,84.7,48.84,2.6
1/19/2020,81.33,0,1,72.67,47.41,3.25
1/20/2020,73.42,0,2,71.11,47.19,3.62
1/21/2020,123.48,0,3,75.25,46.78,18.88
1/22/2020,102.35,0,4,66.62,48.65,3.6
1/23/2020,70.79,0,5,71.73,48.5,4.4
1/24/2020,64.81,0,6,80.19,46.81,4.35
1/25/2020,83.69,0,7,78.16,48.58,2.92
1/26/2020,83.21,0,8,81.35,47.86,2.88
1/27/2020,83.33,0,9,78.91,48.8,3.35
1/28/2020,105.71,0,10,71.44,51.84,3.69
1/29/2020,78.17,0,11,73.81,52.92,3.85
1/30/2020,67.88,0,12,74.48,50.26,3.88
1/31/2020,62.5,0,13,77.65,51.42,3.46
2/1/2020,58.65,0,14,74.66,50.82,4.94
2/2/2020,56.52,0,15,74.35,49.46,3.87
2/3/2020,72.12,0,16,77.6,48.69,3.52
2/4/2020,80.85,0,17,76.47,49.96,3.65
2/5/2020,72.73,0,18,76.32,49.48,3.98
2/6/2020,79.15,0,19,74.61,50.15,4.21
2/7/2020,79.71,0,20,74.34,51.12,4.33
2/8/2020,72.85,0,21,68.08,49.36,4.46
2/9/2020,80.6,0,22,69.7,49.14,3.21
2/10/2020,81.67,0,23,67.2,50.56,3.66
2/11/2020,78.52,0,24,69.41,51.8,3.42
2/12/2020,82.69,0,25,72.46,53.26,3.73
2/13/2020,83.21,0,26,71.51,54.88,4.05
2/14/2020,83.81,0,27,72.26,56.19,3.62
2/15/2020,100.02,0,28,73.81,56.82,3.9
2/16/2020,120.04,0,29,76.2,58.02,3.1
2/17/2020,124.79,0,30,79.69,57.54,3.5
2/18/2020,110.98,0,31,77.58,58.51,3.21
2/19/2020,104.96,0,32,79.61,58.25,3.08
2/20/2020,122.42,0.01,33,81.6,57.39,3.85
2/21/2020,148.9,0,34,87.78,55.18,3.31
2/22/2020,64.96,6.4,0,77.54,56.94,3.29
2/23/2020,80.94,0,1,71.22,55.44,3.08
2/24/2020,69,0,2,69.15,55.21,3.77
2/25/2020,46.46,0.01,3,78.14,54.01,5.08
2/26/2020,21.9,5.6,0,87.93,51.05,3.69
2/27/2020,30.52,1.7,1,77.24,54.97,3.6
2/28/2020,42.21,0,2,76.61,56.79,3.44
2/29/2020,51.9,0,3,74.08,58.4,3.91
3/1/2020,47.42,0,4,74.3,58.55,3.83
3/2/2020,49.65,0,5,74.39,55.78,3.48
3/3/2020,51.38,0.01,6,71.32,57.99,3.9
3/4/2020,47.73,0,7,68.54,58.02,4.69
3/5/2020,47.06,0,8,69.3,58.1,4.21
3/6/2020,46.17,0,9,61.18,58.32,4.12
3/7/2020,40.75,8.2,0,89.19,51.05,3.08
3/8/2020,47.52,0.5,1,71.82,55.51,4.58
3/9/2020,41.17,0,2,74.6,59.68,4.54
3/10/2020,44.44,0,3,72.6,60.54,4.77
3/11/2020,43.81,0,4,64.54,61.92,4.29
3/12/2020,44,0,5,53.64,62.9,4.67
3/13/2020,71.83,0,6,72.83,56,3.62
3/14/2020,40.17,0.01,7,76.69,57.42,3.85
3/15/2020,32.96,0,8,62.3,58.25,4.94
3/16/2020,29.83,0,9,63.77,59.11,4.19
3/17/2020,26.9,0,10,70.36,60.5,5.12
3/18/2020,29.08,0,11,66.55,60.42,5.04
3/19/2020,31.62,0,12,66.2,61.36,5.77
3/20/2020,40.92,0,13,61.06,60.5,4.02
3/21/2020,40.92,0,14,71.07,57.84,4.21
3/22/2020,38.58,0.01,15,75.36,58.92,4.71
3/23/2020,25.75,4.3,16,84.79,57.61,3.69
3/24/2020,34.4,9.4,0,78.19,62.04,3.67
3/25/2020,37.1,0,1,73.4,64.77,4.25
3/26/2020,41.67,0.01,2,74.59,66.89,3.98
3/27/2020,46.1,0,3,70.06,69.12,5.52
3/28/2020,17.67,3.2,4,53.78,66.8,5.73
3/29/2020,28.04,0,5,55.37,66.58,4.75
3/30/2020,34.08,0,6,56.63,66.27,4.35
3/31/2020,43.17,0,7,62.42,66.58,5.17
4/1/2020,45.69,0,8,70.08,63.01,4.73
4/2/2020,30.44,1.5,9,51.43,65.04,4.75
4/3/2020,43.15,0,10,51.92,65.19,4.67
4/4/2020,52.46,0,11,53.41,64.77,4.81
4/5/2020,68.71,0,12,53.24,64.81,4.23
4/6/2020,80.23,0,13,53.31,66.35,4.77
4/7/2020,73.98,0,14,55.24,67.55,3.98
4/8/2020,80.25,0,15,55.46,66.82,4.52
4/9/2020,60.65,0,16,44.22,66.2,4.71
4/10/2020,75.08,0,17,48.21,67.51,4.92
4/11/2020,128.23,0,18,67.22,64.32,3.88
4/12/2020,106.48,1.2,19,67.75,68.9,4.75
4/13/2020,87.31,0,20,68.72,70.48,5.5
4/14/2020,59.5,2,21,67.89,69.16,3.83
4/15/2020,29.38,1.2,22,63.97,69.88,4.38
4/16/2020,38.54,0.01,23,75.52,68.26,3.29
4/17/2020,46.67,2,24,80.47,68.04,4.67
4/18/2020,24.69,3.7,25,71.1,66.39,4.54
4/19/2020,25.79,1.6,26,66.2,65.86,4.46
4/20/2020,30.31,1.6,27,63.31,66.01,4.42
4/21/2020,11.65,15.2,0,82.56,59.68,5.04
4/22/2020,13.31,11.2,0,79.32,60.5,2.88
4/23/2020,26.58,0.01,1,85.69,60.8,2.65
4/24/2020,28.08,6.6,0,82.51,62.22,3.06
4/25/2020,26.4,5,0,88.47,62.3,3.47
4/26/2020,29.23,25,0,86.21,64.14,3.02
4/27/2020,20.79,2.7,1,85.03,63.05,3.58
4/28/2020,19.25,4.5,2,80.54,63.76,3.73
4/29/2020,19.9,0.01,3,85.82,63.76,3
4/30/2020,21.15,4,4,80.08,66.65,3.27
5/1/2020,19.73,0.01,5,86.86,65.04,2.62
5/2/2020,19.54,4.5,6,80.59,67.66,2.94
5/3/2020,23.52,0.1,7,76.7,68.69,2.96
5/4/2020,14.9,0.2,8,87.42,63.95,2.73
5/5/2020,15.48,8,0,84.66,64.14,3.2
5/6/2020,8.44,5.1,0,78.8,64.78,3.33
5/7/2020,13.81,0.1,1,83.61,59.11,3.52
5/8/2020,17.52,9.6,0,72.84,66.12,4.15
5/9/2020,20.83,0,1,73.15,69.99,4
5/10/2020,24.71,0,2,78.66,65.56,3.71
5/11/2020,39.12,0.2,3,77.42,65.94,2
5/12/2020,37.48,0.2,4,73.04,69.5,4.06
5/13/2020,28.6,0.01,5,66.62,72.54,3.73
5/14/2020,33.94,0,6,67.66,74.04,4.79
5/15/2020,33.25,0.3,7,76.6,73.18,4.23
5/16/2020,40.56,0,8,68.7,73.89,4.31
5/17/2020,38.02,0,9,66.88,74.94,4.65
5/18/2020,36.4,0,10,71,74,4.48
5/19/2020,26.62,0.2,11,61.97,72.52,4.88
5/20/2020,26.15,0,12,74.37,72.12,4.75
5/21/2020,23.75,1,13,76.76,74.26,4.44
5/22/2020,29.6,0.01,14,79.47,74.41,5.38
5/23/2020,22.15,0,15,81.31,74.49,5.71
5/24/2020,29.23,0,16,71.24,75.73,4.21
5/25/2020,29.96,0.01,17,72.87,73.62,4.44
5/26/2020,27.73,10.7,0,84.95,68.11,4.58
5/27/2020,21.67,23.3,0,87.92,65.79,3.23
5/28/2020,17.52,18.5,0,77.87,70.89,4.33
5/29/2020,10.04,6,0,76.37,68.79,3.79
5/30/2020,16.1,0.01,1,76.97,71.15,4.16
5/31/2020,18.73,0.01,2,84.61,70.14,3.33
10/1/2020,30.04,0,3,86.56,73.59,3.69
10/2/2020,29.56,15.5,0,84.73,73.21,4.06
10/3/2020,29.69,0.6,1,82.21,73.77,3.56
10/4/2020,25.73,0,2,84.79,72.61,3.69
10/5/2020,24.48,0,3,84.11,72.58,3.15
10/6/2020,25.19,0,4,82.46,72.84,3.46
10/7/2020,23.9,0,5,74.68,71.41,3.88
10/8/2020,20.67,0,6,69.1,70.48,3.9
10/9/2020,21.54,0,7,71.41,70.55,3.25
10/10/2020,23.98,0,8,76.19,71.82,3.33
10/11/2020,22.5,0,9,79.39,72.35,3
10/12/2020,22.29,0,10,80.07,73.02,3.04
10/13/2020,25.48,0,11,80.04,72.39,3.62
10/14/2020,32.38,0,12,81.77,72.09,3.17
10/15/2020,32.19,0,13,78.24,71.71,3.52
10/16/2020,27.4,0,14,72.2,72.16,2.96
10/17/2020,24.71,0,15,72.45,72.01,2.94
10/18/2020,26.56,0,16,77.29,71.38,3.36
10/19/2020,31.04,0,17,80.22,70.96,3.6
10/20/2020,35.48,0,18,78.36,69.8,4.33
10/21/2020,40.88,0,19,78.91,68.3,3.44
10/22/2020,37.73,0,20,80.55,68.75,3.17
10/23/2020,31.67,0,21,76.43,67.06,3.5
10/24/2020,29.4,0,22,73.58,66.46,3.42
10/25/2020,26.85,0,23,74.3,67.21,3.31
10/26/2020,24.9,0,24,78.7,67.55,3.65
10/27/2020,24.42,0,25,76.86,65.43,3.24
10/28/2020,23.6,0,26,72.26,64.92,2.71
10/29/2020,25.46,0,27,69.77,65.3,2.62
10/30/2020,29.58,0,28,66.54,66.91,2.9
10/31/2020,27.04,0,29,67.07,67.66,3.23
11/1/2020,27.71,0,30,72.17,66.73,4.42
11/2/2020,31.23,0,31,78.97,66.42,3.65
11/3/2020,32.35,0,32,77.42,66.42,3.5
11/4/2020,37.31,0.2,33,74.24,64.59,4.04
11/5/2020,63.67,0,34,74.04,62.45,3.48
11/6/2020,63.75,0,35,74.23,60.46,3.56
11/7/2020,65.04,0,36,77.6,59.6,2.92
11/8/2020,54.33,0,37,69.17,60.16,2.81
11/9/2020,49.5,0,38,69.36,60.28,2.92
11/10/2020,43.98,0,39,69.51,60.5,2.77
11/11/2020,41.94,0,40,67.43,60.99,2.88
11/12/2020,39.33,0,41,68.58,60.88,2.6
11/13/2020,37.1,0,42,69.33,60.24,3.35
11/14/2020,36.98,0,43,73.13,60.12,2.88
11/15/2020,39.56,0,44,69.89,60.28,2.71
11/16/2020,60.79,0,45,84.29,53.98,2.62
11/17/2020,39.5,0,46,67.68,56.11,32.77
11/18/2020,29.54,0,47,68.19,56,3.17
11/19/2020,32.27,0,48,71.18,55.62,3.44
11/20/2020,37.88,0,49,72.98,55.78,3.23
11/21/2020,41.77,0,50,77.52,55.55,3.31
11/22/2020,47.56,0,51,76.48,53.64,3.33
11/23/2020,54.9,0,52,78.73,54.01,3.12
11/24/2020,62.98,0,53,76.82,54.12,3.12
11/25/2020,66.31,0,54,72.36,55.18,2.5
11/26/2020,65.4,0,55,72.28,56.34,2.73
11/27/2020,98.5,0,56,76.7,53.19,2.1
11/28/2020,79.04,0,57,64.54,54.97,3.07
11/29/2020,78.94,0,58,65.92,55.59,2.73
11/30/2020,75.15,0,59,72.86,55.74,2.94
12/1/2020,57.23,0,60,73.5,55.74,3.08
12/2/2020,47.08,0,61,72.8,56.68,2.77
12/3/2020,42.25,0,62,73.74,56.15,3.19
12/4/2020,45.98,0,63,79.08,55.81,3.12
12/5/2020,47.77,0,64,78.46,55.32,3.12
12/6/2020,49.58,0,65,80.87,54.8,3.38
12/7/2020,63.92,0,66,81.44,56.04,2.56
12/8/2020,79.12,0,67,81.44,56.26,3.02
12/9/2020,86.85,0,68,81.09,57.28,2.58
12/10/2020,84.6,0,69,80.42,56,3.06
12/11/2020,80.42,0,70,80.21,56.26,2.94
12/12/2020,71.17,0,71,66.32,55.06,3.29
12/13/2020,66.58,0,72,69.71,53,3.38
12/14/2020,63.6,0,73,69.4,51.12,3
12/15/2020,64.71,0,74,64.95,50.19,3.62
12/16/2020,69.98,0,75,63.52,49.62,3.62
12/17/2020,71.04,0,76,67.03,49.02,3.25
12/18/2020,80.06,0,77,68.68,48.31,3.12
12/19/2020,88.19,0,78,76.93,49.25,3.35
12/20/2020,88.92,0,79,75.03,50.11,2.92
12/21/2020,95.75,0,80,71.1,51.09,2.65
12/22/2020,84.9,0,81,67.45,51.16,3.65
12/23/2020,102.21,0,82,71.44,50,2.88
12/24/2020,101.04,0,83,73.62,49.59,3.25
12/25/2020,93.44,0,84,60.9,49.1,3.77
12/26/2020,89.1,0,85,71.3,48.99,3.23
12/27/2020,91.58,0,86,75.82,49.18,3.29
12/28/2020,88.1,0,87,76.55,47.94,3.46
12/29/2020,89.19,0,88,71.68,47.64,2.96
12/30/2020,95.77,0,89,71.53,47.49,2.73
12/31/2020,120.85,0,90,69.55,48.09,2.96
1/1/2021,119.71,0,91,72.8,47.79,3.08
1/2/2021,130.08,0,92,64.82,49.02,2.25
1/3/2021,115.6,0,93,60.3,54.95,2.42
1/4/2021,272.15,0.01,94,73.95,55.62,2.46
1/5/2021,308.56,0.01,95,72.59,55.62,2.33
1/6/2021,132.67,0,96,66.68,56.6,3.58
1/7/2021,92.79,0,97,59.44,55.25,4.06
1/8/2021,78.98,0,98,66.13,53.3,3.67
1/9/2021,93.52,0,99,63.21,54.72,3.58
1/10/2021,89.06,0,100,58.84,54.95,4.12
1/11/2021,90.02,0,101,70.33,53.49,3.23
1/12/2021,96.29,0,102,79.42,51.99,3.67
1/13/2021,102.27,0,103,77.27,51.84,3.75
1/14/2021,91.58,0,104,79.6,51.76,3.38
1/15/2021,99.69,0,105,80.55,52.14,3.48
1/16/2021,83.42,0,106,73.06,53.52,3.85
1/17/2021,81.56,0,107,73.46,53.52,2.62
1/18/2021,86.85,0,108,71.08,54.76,3.38
1/19/2021,71.94,0,109,70.76,52.74,3.46
1/20/2021,77.06,0,110,73.3,51.05,3.94
1/21/2021,82.02,0,111,69.29,49.92,3.35
1/22/2021,94.27,0,112,75.55,50,3.5
1/23/2021,96.54,0,113,76.71,51.46,3.58
1/24/2021,82.27,0,114,75.52,51.05,3.88
1/25/2021,83.02,0,115,72.88,50.11,3.33
1/26/2021,80.71,0,116,68.8,50.19,3.15
1/27/2021,79.71,0,117,82.68,43.92,2.88
1/28/2021,88.25,0,118,66.07,49.92,3.35
1/29/2021,80.98,0,119,65.57,50.08,4.02
1/30/2021,67.29,0,120,62.97,48.72,3.69
1/31/2021,69.52,0,121,65.6,48.69,4.29
2/1/2021,78.38,0,122,66.5,49.06,3.42
2/2/2021,86.19,0,123,64.24,50.94,3.6
2/3/2021,90.29,0,124,64.77,52.4,3.33
2/4/2021,82.42,0,125,61.07,52.96,3.62
2/5/2021,87.92,0,126,67.67,51.69,4.35
2/6/2021,57.67,0.1,127,78.87,47.38,4.06
2/7/2021,50.9,1.2,128,67.79,49.06,3.23
2/8/2021,85.25,0,129,59.77,53.45,3.02
2/9/2021,86.83,0,130,67.64,55.29,3.6
2/10/2021,91.42,0,131,75.29,54.5,3.69
2/11/2021,82.94,0,132,75.85,55.89,3.08
2/12/2021,96.56,0,133,74.59,56.3,3.35
2/13/2021,97.88,0,134,75.4,56.9,3.35
2/14/2021,96.1,0,135,74.4,57.54,3.77
2/15/2021,96.48,0,136,74.3,56.86,4.39
2/16/2021,73.88,0,137,70.99,56.41,3.68
2/17/2021,72.67,0,138,62.79,55.66,4.04
2/18/2021,56.27,0.01,139,64.52,53.98,3.3
2/19/2021,48.6,0.01,140,61.15,55.18,3.71
2/20/2021,51.92,0.01,141,59.94,57.05,3.31
2/21/2021,68.79,0,142,60.22,58.62,3.5
2/22/2021,80.12,0,143,68.2,59.52,3.44
2/23/2021,92.65,0,144,68.34,60.69,3.92
2/24/2021,94.62,0,145,70.11,60.95,4.04
2/25/2021,109.92,0,146,76.2,61.18,3.4
2/26/2021,112.31,0,147,75.8,62.49,4.17
2/27/2021,102.5,0.01,148,70.44,64.21,4.31
2/28/2021,85.12,0,149,65.29,64.25,4
3/1/2021,72.4,0,150,58.56,62.52,4.54
3/2/2021,62.98,0,151,49,59.15,5.58
3/3/2021,72.23,0,152,50.3,59.08,5.38
3/4/2021,80.69,0,153,59.86,59.64,4.31
3/5/2021,87.33,0,154,72.77,58.44,4.5
3/6/2021,65.58,6,0,73.41,58.78,3.98
3/7/2021,94.62,0,1,79.85,59.08,3.19
3/8/2021,77.9,0.01,2,68.87,62.19,4.56
3/9/2021,60.85,0.01,3,59.42,63.95,4.88
3/10/2021,61.98,0,4,65.34,62.34,5.06
3/11/2021,56.58,0.5,5,61.79,63.88,4.62
3/12/2021,82.1,0,6,58.69,66.24,4.75
3/13/2021,53.67,0,7,70.81,59.71,3.65
3/14/2021,70.71,0.1,8,71.37,61.92,4.12
3/15/2021,79.25,0,9,64.84,63.39,4.69
3/16/2021,87.48,0,10,63.65,64.18,4.77
3/17/2021,102.77,0,11,57.85,64.18,5
3/18/2021,148.25,0,12,60.21,65.15,4.62
3/19/2021,119.5,0,13,55.83,65.79,3.75
3/20/2021,104.35,0,14,50.44,65.23,5.1
3/21/2021,92.6,0,15,47.13,67.18,4.08
3/22/2021,126.06,0,16,50.13,66.24,4.12
3/23/2021,153.73,0,17,49.35,67.89,4.46
3/24/2021,115.48,0,18,46.05,66.99,4.75
3/25/2021,101.17,0,19,38.88,65.23,4.25
3/26/2021,204.17,0,20,47.62,64.21,4.9
3/27/2021,305.02,0,21,53.79,63.72,3.85
3/28/2021,278.6,0,22,57.68,63.09,3.31
3/29/2021,248.29,0,23,57.88,64.55,3.46
3/30/2021,184.27,0.01,24,57.74,66.8,3.83
3/31/2021,153.48,0,25,77.13,64.36,4.23
4/1/2021,57.77,9.8,0,64.15,63.31,5.25
4/2/2021,68.48,0,1,47.16,63.95,4.71
4/3/2021,102.15,0,2,35.67,64.48,4.56
4/4/2021,166.71,0,3,39.77,63.46,3.23
4/5/2021,232.21,0,4,47.57,63.8,3.58
4/6/2021,240.31,0,5,53.85,64.25,3.02
4/7/2021,199.38,0,6,58.11,67.77,3.48
4/8/2021,113.54,0,7,55.56,68.26,5.02
4/9/2021,52.15,0.01,8,57.34,65.68,5.04
4/10/2021,48.62,1,9,43.92,67.55,4.6
4/11/2021,86.48,0,10,37.56,69.27,3.94
4/12/2021,139.58,0,11,38.42,67.59,4.5
4/13/2021,127.27,0,12,47.36,67.4,3.71
4/14/2021,125,0.01,13,48.78,69.88,3.52
4/15/2021,108.44,0,14,50.14,69.91,5.42
4/16/2021,61.48,0.01,15,78.82,61.55,3.35
4/17/2021,53.96,13.3,0,69.27,64.48,5.2
4/18/2021,34,0.3,1,66.92,64.25,5.21
4/19/2021,39.54,7.3,0,59.23,66.84,3.4
4/20/2021,65.79,0,1,55.63,70.25,4.1
4/21/2021,73.29,0.01,2,66.2,64.74,3.75
4/22/2021,27.94,6.7,0,60.45,63.39,5.25
4/23/2021,22.44,0.01,1,46.06,67.51,4.54
4/24/2021,44.81,0,2,42.19,71.34,5.56
4/25/2021,48.94,0,3,43.48,72.46,4.44
4/26/2021,60.48,0,4,43.9,72.24,5.06
4/27/2021,75.25,0,5,44.24,72.35,4.69
4/28/2021,87.58,0,6,48.88,73.1,4.75
4/29/2021,69.08,0,7,73.87,65.04,3.27
4/30/2021,38.75,6.4,0,69.23,66.46,4.15
5/1/2021,37.15,0.2,1,76.35,66.69,4.12
5/2/2021,42.62,12.2,0,89.23,63.12,1.75
5/3/2021,50.19,0.4,1,79.89,67.96,4.1
5/4/2021,42.58,0.01,2,87.04,65.04,4.67
5/5/2021,25.15,1.1,3,79.54,66.39,4.06
5/6/2021,34.77,0.5,4,77.52,67.48,3.09
5/7/2021,38.23,0.7,5,75.43,67.7,2.73
5/8/2021,29.92,0.01,6,63.15,68.56,4.44
5/9/2021,25.77,0.01,7,64.68,68.45,4.5
5/10/2021,35.71,1.2,8,81.91,65.64,3.25
5/11/2021,33.6,0.01,9,84.2,65.9,2.79
5/12/2021,23.42,12.8,0,87.28,64.18,3.08
5/13/2021,18.46,7,0,86.6,63.54,2.15
5/14/2021,22.19,0.2,1,69.47,68.75,5.02
5/15/2021,23.77,0,2,65.49,71.41,4.23
5/16/2021,27.73,0,3,54.24,74.26,5.48
5/17/2021,37.17,0,4,61.31,74.64,4.3
5/18/2021,44.42,0.01,5,70.46,73.18,4
5/19/2021,42.71,0.01,6,87.4,69.16,1.9
5/20/2021,24.48,6.6,0,94.74,67.4,3.12
5/21/2021,13.48,5.5,0,78,73.36,4.52
5/22/2021,16.15,0,1,71.93,75.73,5.42
5/23/2021,15.73,0.01,2,71.01,77.04,4.48
5/24/2021,20.6,0,3,68.43,76.14,3.96
5/25/2021,20.67,0.3,4,83.78,71.49,3.44
5/26/2021,5.31,7.3,0,97.17,68.11,2.92
5/27/2021,5.54,30.2,0,97.64,68.45,2.1
5/28/2021,5.25,7.5,0,95.74,66.2,6.6
5/29/2021,9.9,35.8,0,85.48,70.85,4.98
5/30/2021,24.17,0.3,1,83.39,72.73,2.9
5/31/2021,21.46,17.4,0,78.64,74.19,4.9
10/1/2021,18.65,0.01,1,84.43,72.54,3.5
10/2/2021,12.52,0.01,2,86.32,71.08,4.47
10/3/2021,16.25,4,3,85.34,71.41,4.29
10/4/2021,19.46,0,4,85.62,72.12,3.29
10/5/2021,18.33,40.6,0,84.84,72.39,3.6
10/6/2021,18.62,0,1,84.65,72.42,3.69
10/7/2021,25.52,0,2,82.92,72.58,3.71
10/8/2021,21.81,0,3,82.26,72.99,3.88
10/9/2021,28.67,0,4,81.94,73.21,4.15
10/10/2021,28.56,0,5,82.5,73.1,3.35
10/11/2021,31.31,0,6,80,73.96,3.6
10/12/2021,29.73,0,7,77.87,74.04,3.29
10/13/2021,25.19,0,8,74.63,74.04,3.19
10/14/2021,21.71,0,9,74.24,73.94,3.48
10/15/2021,18.1,0,10,76.42,74.45,3.12
10/16/2021,13.98,0,11,78.71,74.45,3.94
10/17/2021,9.71,8.5,0,85.81,71.56,2.54
10/18/2021,10.5,3.9,1,93.81,69.69,2.35
10/19/2021,2.77,3.6,2,94.44,67.51,4.69
10/20/2021,4.75,6.6,0,90.37,68.53,3.65
10/21/2021,9,0.01,1,81.11,68,4.02
10/22/2021,18.42,0,2,83.8,67.44,3.21
10/23/2021,35.02,0,3,83.6,67.85,4.81
10/24/2021,46.38,0,4,80.75,66.01,3.96
10/25/2021,40.92,0,5,83.02,65.23,3.38
10/26/2021,32.02,0,6,75.54,65,3.35
10/27/2021,29.79,0,7,76.5,64.89,3.27
10/28/2021,33,0,8,79.04,64.7,3.19
10/29/2021,40.79,0,9,71.78,63.12,4.19
10/30/2021,31.65,0,10,72.33,62.86,3.46
10/31/2021,33.52,0,11,73.58,63.65,3.81
11/1/2021,38.98,0,12,75.98,62.52,4.12
11/2/2021,43.98,0,13,75.84,62.19,3
11/3/2021,40.02,0,14,74.99,61.44,3.17
11/4/2021,38.46,0,15,76,60.31,3.38
11/5/2021,37.6,0,16,78.34,59.26,2.92
11/6/2021,32.75,0,17,78.3,59.64,3.08
11/7/2021,29.04,0,18,75.48,59.9,3.02
11/8/2021,28.85,0,19,75.1,60.61,2.96
11/9/2021,28.19,0,20,73.66,60.54,3.25
11/10/2021,27.08,0,21,71.71,59.82,2.92
11/11/2021,29.69,0,22,74.61,59.34,3.23
11/12/2021,33.94,0,23,78.35,58.62,2.92
11/13/2021,36.77,0,24,75.74,57.76,2.96
11/14/2021,33.06,0,25,75.02,58.18,3.27
11/15/2021,34.65,0,26,77.02,58.59,3.02
11/16/2021,43.44,0,27,77.02,57.72,3.02
11/17/2021,38.17,0,28,72.36,58.16,2.71
11/18/2021,58.58,0,29,74.58,59.19,2.31
11/19/2021,60.48,0.01,30,79.03,57.09,2.52
11/20/2021,58.44,0,31,77.85,58.32,2.92
11/21/2021,42.98,0.01,32,76.95,61.02,3.33
11/22/2021,38.38,0,33,73.1,59.68,3.35
11/23/2021,64.38,0,34,80.55,58.25,3.02
11/24/2021,81.6,0,35,78.15,57.76,3.27
11/25/2021,76.92,0,36,81.94,56.86,3.15
11/26/2021,71.35,0,37,83.14,55.55,2.96
11/27/2021,75.46,0.01,38,80.7,55.36,2.83
11/28/2021,70.31,0,39,77.94,56.15,2.78
11/29/2021,63.88,0,40,75.56,55.48,3.15
11/30/2021,58.21,0,41,77.43,55.62,2.85
12/1/2021,58.25,0,42,69.88,57.12,2.73
12/2/2021,55.71,0,43,67.19,59.22,3.04
12/3/2021,49.73,0.01,44,79.04,58.48,2.58
12/4/2021,50.42,2,45,85,58.14,2.62
12/5/2021,33.12,0,46,78.67,60.33,2.53
12/6/2021,46.67,0,47,93.98,52.69,1.5
12/7/2021,43.77,0,48,73.68,56.49,3.66
12/8/2021,51.9,0,49,72.16,55.29,3.06
12/9/2021,53.67,0,50,72.28,55.51,2.5
12/10/2021,54.71,0,51,76.08,53.71,3.46
12/11/2021,60.1,0,52,72.68,53.22,2.75
12/12/2021,59.94,0,53,72.2,51.42,2.69
12/13/2021,65.19,0,54,67.16,52.06,2.54
12/14/2021,70.85,0,55,71.06,51.91,3.06
12/15/2021,70.44,0,56,74.19,49.92,2.96
12/16/2021,77,0,57,67.14,49.92,2.88
12/17/2021,82.19,0,58,63.7,50.04,3.54
12/18/2021,86.58,0,59,70.82,49.4,2.77
12/19/2021,63.92,0,60,73.77,49.18,3.43
12/20/2021,75.33,0,61,72.99,48.56,3.42
12/21/2021,75.38,0,62,69.78,49.7,3.17
12/22/2021,75.29,0,63,72.63,49.14,2.92
12/23/2021,80.81,0,64,71.6,49.21,3.44
12/24/2021,81.21,0,65,77.17,50.04,2.84
12/25/2021,83.33,0,66,79.92,49.18,3.42
12/26/2021,79.12,0,67,76.5,50.11,2.54
12/27/2021,81.08,0,68,77.62,49.4,3.33
12/28/2021,105.31,0,69,79.05,50.64,2.9
12/29/2021,54.73,10.7,0,99.59,45.05,2.02
12/30/2021,74.23,35,0,90.76,46.89,1.83
12/31/2021,106.44,0,1,85.3,46.89,2.65
1/1/2022,92.65,0,2,80.68,49.1,2.71
1/2/2022,82.9,0,3,77.9,50.64,2.44
1/3/2022,89.04,0,4,77.16,50.68,2.56
1/4/2022,89,0,5,76.74,51.01,2.94
1/5/2022,88.08,0,6,81.8,52.32,2.75
1/6/2022,67.69,0,7,76.38,55.44,3.88
1/7/2022,61.31,0,8,79.84,54.69,2.41
1/8/2022,73.67,0,9,77.5,54.99,2.79
1/9/2022,66.98,0,10,77.76,54.76,3.33
1/10/2022,69.54,0,11,77.25,55.06,2.92
1/11/2022,66.1,0,12,77.77,54.16,2.98
1/12/2022,63.19,4.4,13,78.51,50.94,3.96
1/13/2022,41.4,0,14,80.04,49.92,3.04
1/14/2022,68.04,0,15,83,49.92,2.67
1/15/2022,71.56,0,16,81.71,49.51,3.5
1/16/2022,68.98,0,17,78.51,50.56,2.88
1/17/2022,79.77,0,18,77.94,51.2,3.04
1/18/2022,71.96,0,19,69.92,51.95,3.33
1/19/2022,56.83,0,20,69.28,52.4,3.54
1/20/2022,60.58,0.2,21,84.13,49.06,1.92
1/21/2022,57.83,2.6,22,85.38,48.24,3.25
1/22/2022,74.58,0,23,84.13,49.14,2.46
1/23/2022,77.44,0,24,82.11,49.25,2.73
1/24/2022,80.52,0,25,82.22,49.21,2.56
1/25/2022,60.4,0,26,77.28,50.38,3.31
1/26/2022,61.65,0,27,76.18,47.38,4.81
1/27/2022,64.02,0,28,74.76,47.79,3.69
1/28/2022,59.23,0,29,73.89,46.96,3.8
1/29/2022,68.19,0,30,73.9,47.22,3.17
1/30/2022,68.4,0,31,78.14,48.54,4.65
1/31/2022,74.19,0,32,72.27,49.25,3.96
2/1/2022,72.98,0,33,77.25,47.38,4.1
2/2/2022,91.44,0,34,82.22,47.52,3.92
2/3/2022,111.29,20.8,0,77.87,50.34,3.39
2/4/2022,28.06,25,0,95.49,42.95,4.04
2/5/2022,35.19,0.6,1,86.32,45.28,2.83
2/6/2022,46.54,0,2,80.43,48.46,3.38
2/7/2022,45.1,0,3,80.51,50.52,3.4
2/8/2022,44.23,0,4,77.37,50.86,3.54
2/9/2022,49.27,0,5,68.33,53.11,3.48
2/10/2022,41.15,0,6,70.41,51.99,4.54
2/11/2022,41.25,0,7,73.31,50.15,4.35
2/12/2022,42.83,0,8,72.68,52.21,2.85
2/13/2022,56.4,0,9,76.6,52.16,3.12
2/14/2022,86.96,0,10,76.89,53.71,3.48
2/15/2022,64.19,0,11,73.94,54.28,3.67
2/16/2022,58.12,0,12,72.18,53.04,3.94
2/17/2022,56.38,0,13,67.83,53.64,3.79
2/18/2022,62.06,0,14,73.12,54.58,3.77
2/19/2022,59.21,0,15,68.46,54.01,4.35
2/20/2022,48.9,1.4,16,70.49,50.22,6.63
2/21/2022,37.4,0,17,71.26,50.3,4.5
2/22/2022,59.92,0,18,74.61,52.29,4.6
2/23/2022,77.9,0,19,68.54,55.96,3.69
2/24/2022,69.85,0,20,70.21,57.05,3.96
2/25/2022,53.88,0,21,63.99,55.83,4.04
2/26/2022,35.88,0,22,63.63,56.34,4.27
2/27/2022,47.33,0,23,60.41,57.09,4.6
2/28/2022,52.77,0,24,65.54,57.31,3.98
3/1/2022,68.69,0,25,70.99,58.36,4.17
3/2/2022,76.25,0,26,67.33,58.59,4.66
3/3/2022,55.6,0,27,68.91,59.43,4.85
3/4/2022,52.54,0,28,57.51,60.2,4.19
3/5/2022,52.02,0,29,63.17,60.46,4.29
3/6/2022,58.21,0,30,69.06,62.26,3.58
3/7/2022,68.75,0,31,63.35,64.74,3.88
3/8/2022,58.02,0,32,55.12,65.41,3.96
3/9/2022,54.6,0,33,57.23,65.45,4.17
3/10/2022,56.42,0,34,65.29,65.19,4.96
3/11/2022,59.04,0,35,62.22,64.74,4.19
3/12/2022,57.65,0,36,62.11,65.52,4.52
3/13/2022,59.56,0,37,59.47,66.65,3.94
3/14/2022,58.35,0,38,59.49,68.75,3.81
3/15/2022,64.71,0,39,63.05,69.58,4.88
3/16/2022,67.29,2.6,40,70.4,68.75,4.35
3/17/2022,65.67,0,41,64.41,69.88,3.98
3/18/2022,68.96,0,42,59.14,71.11,3.96
3/19/2022,68.4,0,43,55.04,71,4.67
3/20/2022,65.25,0,44,58.46,71.05,4.3
3/21/2022,74.27,0,45,61.49,69.38,4.92
3/22/2022,69.06,0,46,64.74,68.79,4.29
3/23/2022,69.21,0,47,62.24,68.75,4.83
3/24/2022,64.92,0.4,48,61.28,68.42,4.31
3/25/2022,63.02,,0,49.08,69.02,5.83
3/26/2022,64.25,,0,43.67,68.34,4.5
3/27/2022,82.58,0,1,53.99,69.16,4.92
3/28/2022,113.73,0,2,64.38,69.09,4.94
3/29/2022,100.98,0,3,74.53,68.75,4.58
3/30/2022,93.02,0,4,82.48,68.82,3.96
3/31/2022,77.02,0,5,77.3,69.58,4.48
4/1/2022,79.33,0,6,79.9,70.21,3.69
4/2/2022,88.56,0,7,77.42,72.05,5.06
4/3/2022,56.88,0,8,65.98,72.46,4.52
4/4/2022,65.42,0,9,62.1,73.29,4.92
4/5/2022,65.85,0,10,59.34,72.88,4.71
4/6/2022,65.6,0,11,57,72.69,5.12
4/7/2022,68,0,12,64.31,71.41,5.58
4/8/2022,70.35,0,13,62.33,72.27,7.56
4/9/2022,75.54,0.4,14,75.24,68.86,3.42
4/10/2022,67.5,0.2,15,77.58,69.39,3.98
4/11/2022,55.62,0,16,72.92,72.39,4.42
4/12/2022,53.98,0,17,77.61,72.46,5.65
4/13/2022,59.94,1.2,18,75.24,72.88,4.58
4/14/2022,41.25,0.6,19,45.64,73.4,5.1
4/15/2022,43.38,0,20,37.87,73.29,4.27
4/16/2022,51.33,0,21,34.56,72.69,4.88
4/17/2022,59.83,0,22,33.52,71.9,5.29
4/18/2022,94.94,0,23,53.8,73.44,4.75
4/19/2022,106.81,0.8,24,69.52,70.62,4.9
4/20/2022,58.77,1.4,25,80.18,68,2.77
4/21/2022,46.92,0,26,70.67,72.28,4.75
4/22/2022,39.9,1,27,66.5,70.02,5.67
4/23/2022,46.6,0,28,51.76,72.16,4.71
4/24/2022,73.85,0.6,29,43.38,73.7,4.75
4/25/2022,98.33,0,30,47.93,73.66,3.71
4/26/2022,100.27,0,31,46,74.71,5.04
4/27/2022,72.81,0,32,54.88,74.08,4.88
4/28/2022,84.35,0,33,60.96,75.05,4.56
4/29/2022,66.31,1.2,34,74.61,68.71,3.9
4/30/2022,42.27,2.2,35,84.29,65.04,8.76
5/1/2022,36.02,0,36,70.49,71.26,3.58
5/2/2022,58.96,27.2,0,88.15,64.74,3.56
5/3/2022,31.98,0,1,74.21,70.25,4.94
5/4/2022,30.67,30.2,0,80.45,69.65,4.6
5/5/2022,19.25,3.6,1,74.97,70.25,4.43
5/6/2022,23.75,2,2,79.46,68.75,4.58
5/7/2022,25.33,7,0,80.63,69.12,4.1
5/8/2022,26.23,6,0,81.92,69.35,3.81
5/9/2022,29.23,0,1,70.06,71.75,3.46
5/10/2022,35.54,22.2,0,75.44,72.95,4.19
5/11/2022,24.48,7.4,0,83.8,70.44,3.35
5/12/2022,31.62,0,1,76.63,73.57,3.56
5/13/2022,31.4,10.8,0,74.96,74.38,4.6
5/14/2022,40.33,0,1,79.58,74.3,3.88
5/15/2022,56.73,7.2,0,88.22,72.58,2.4
5/16/2022,43.85,9.8,0,84.21,71.82,3.29
5/17/2022,38.73,0.4,1,60.09,75.61,6.42
5/18/2022,37.73,2,2,57.63,74.41,5.52
5/19/2022,41.83,4.4,3,65.1,75.12,5.48
5/20/2022,38.46,13.6,0,78.42,69.88,3.75
5/21/2022,31.04,0,1,73.74,72.2,4.6
5/22/2022,22.33,19.6,0,76.27,67.77,4.71
5/23/2022,26.67,4.2,1,77.99,68.56,3.79
5/24/2022,32.94,0,2,71.45,71.52,3.19
5/25/2022,34.98,36.2,0,88.61,65.98,3.04
5/26/2022,22.9,47.8,0,82.49,66.84,15.24
5/27/2022,27.92,0,1,79.13,70.44,3.54
5/28/2022,33.81,6.4,0,88.42,68.94,2.29
5/29/2022,40.77,1.6,1,85.24,71.38,5.29
5/30/2022,43.5,7.6,0,83.05,73.66,3.6
5/31/2022,37.92,7.8,0,88.67,71.56,2.79
10/1/2022,23.75,0,1,79.51,72.99,3.34
10/2/2022,20.56,0,2,75.43,73.4,3.42
10/3/2022,16.21,44.2,0,79.32,73.25,5.36
10/4/2022,10.85,21.6,0,92.32,68.94,2.1
10/5/2022,7.38,16.6,0,89.87,68.08,3.73
10/6/2022,6.92,45.6,0,98.73,64.92,2.31
10/7/2022,11.08,6.4,0,91.78,67.74,2.52
10/8/2022,10.06,0,1,81.12,69.99,3.71
10/9/2022,10.75,0,2,81.73,71.34,3.58
10/10/2022,11.6,0,3,81.79,69.65,3.71
10/11/2022,15.62,2.2,4,84.1,67.83,2.42
10/12/2022,12.02,0,5,80.48,69.76,3.77
10/13/2022,11.77,0.6,6,77.31,69.39,4
10/14/2022,10.4,0,7,77.64,68.49,3.6
10/15/2022,14.4,0,8,78.18,69.2,3.35
10/16/2022,18.33,0,9,65.29,67.29,4.25
10/17/2022,25.69,0,10,60.68,65.86,3.58
10/18/2022,22.23,0,11,72.76,64.7,3.42
10/19/2022,35.04,0,12,72.19,64.1,3.46
10/20/2022,30.62,0,13,71.07,64.25,3.23
10/21/2022,34.12,0,14,71.89,64.72,3.47
10/22/2022,29.27,0,15,62.75,64.49,3.89
10/23/2022,27.9,0,16,59.62,65.82,3.23
10/24/2022,30.08,0,17,65.57,65.75,3.69
10/25/2022,21.58,0,18,61.51,64.85,4.15
10/26/2022,22.33,0,19,71.53,64.32,3.35
10/27/2022,36.15,0,20,77.95,63.69,3.56
10/28/2022,37.69,0,21,76.81,63.76,3.21
10/29/2022,38.38,0,22,73.33,63.84,3.08
10/30/2022,32.25,0,23,70.44,63.91,3.08
10/31/2022,31.25,0,24,73.13,63.58,2.77
11/1/2022,28.5,0,25,73.02,63.28,3.15
11/2/2022,26.21,0,26,70.01,62.19,2.98
11/3/2022,25.1,0,27,67.22,62.04,2.96
11/4/2022,41.04,0,28,72.14,62.6,2.81
11/5/2022,39.5,0,29,71.58,63.12,3.15
11/6/2022,38.02,0,30,76.07,62.38,3.51
11/7/2022,32.12,0,31,77.95,62.22,3.6
11/8/2022,37.98,0,32,74.56,62.11,2.94
11/9/2022,38.1,0,33,70.69,62.94,3.04
11/10/2022,34.97,0,34,71.37,61.96,3.42
11/11/2022,39.35,0,35,74.16,60.54,3.31
11/12/2022,41.06,0,36,71.2,58.92,3.81
11/13/2022,39.12,0,37,74.71,58.1,2.96
11/14/2022,52.9,0,38,75.6,58.55,3.02
11/15/2022,54.1,0,39,76.6,58.89,3.33
11/16/2022,52.6,0,40,76.29,59,2.83
11/17/2022,46.81,0,41,76.76,57.99,3.1
11/18/2022,57.56,0,42,77.23,58.51,3.12
11/19/2022,55.52,0,43,73.02,59.3,2.9
11/20/2022,44.9,0,44,73.93,58.89,2.88
11/21/2022,39.92,0,45,72.85,57.95,3.42
11/22/2022,41.79,0,46,71.04,57.44,3.04
11/23/2022,47.5,0,47,76.33,57.35,2.92
11/24/2022,41.69,0,48,73.23,57.84,3.27
11/25/2022,54.31,0,49,69.76,59.19,2.96
11/26/2022,48.19,0,50,71.8,59.04,3.48
11/27/2022,41.29,0,51,72.96,58.4,3.33
11/28/2022,42,0,52,76.91,57.5,3.2
11/29/2022,45.25,0,53,75,57.54,3.24
11/30/2022,52.4,0,54,75.05,57.24,2.85
12/1/2022,45.92,0,55,72.93,56.3,2.92
12/2/2022,43.9,0,56,72.01,56.52,3
12/3/2022,46.62,0,57,73.25,56.19,2.92
12/4/2022,51.4,0,58,74.67,55.7,2.9
12/5/2022,44.19,0,59,74.38,55.48,2.96
12/6/2022,41.06,0,60,71.73,55.51,2.98
12/7/2022,45.1,0,61,73.33,55.02,3.2
12/8/2022,47.67,0,62,70.91,55.18,2.92
12/9/2022,47.71,0,63,72.86,55.18,3.35
12/10/2022,53.19,0,64,73.05,54.58,2.9
12/11/2022,56.6,0,65,69.45,54.65,3.3
12/12/2022,62.08,0,66,68.07,54.91,2.94
12/13/2022,80.27,0,67,72.12,54.31,3.21
12/14/2022,61.81,0,68,76.18,54.69,3.12
12/15/2022,62.33,0,69,74.53,54.88,2.92
12/16/2022,66.35,0,70,76.87,55.55,3.1
12/17/2022,73.54,0,71,76.12,55.06,2.81
12/18/2022,73.94,0,72,75.11,55.29,3.19
12/19/2022,63.6,0,73,75.18,54.16,3.27
12/20/2022,55.27,0,74,74.02,53.9,3.29
12/21/2022,59.83,0,75,76.2,54.31,3.04
12/22/2022,65.25,0,76,79.82,52.14,2.9
12/23/2022,61.6,0,77,72.68,52.59,2.9
12/24/2022,77.5,0,78,66.52,51.72,3
12/25/2022,74.81,0,79,66.41,51.76,3.38
12/26/2022,56.79,0,80,66.63,52.03,3.17
12/27/2022,63.54,0,81,63.9,50.34,3.19
12/28/2022,62.27,0,82,70.47,49.38,3.73
12/29/2022,89.04,0,83,73.97,48.95,2.73
12/30/2022,123.81,0,84,74.8,49.25,2.88
12/31/2022,92.29,0,85,74.2,49.25,2.94
1/1/2023,79.33,0,86,76.66,50.15,3
1/2/2023,79.96,0,87,77.38,50.08,2.73
1/3/2023,77.96,0,88,73.88,50.22,2.92
1/4/2023,76.62,0,89,71.63,49.46,3.09
1/5/2023,70.12,0,90,65.51,49.32,3.27
1/6/2023,89.25,0,91,61.43,50.79,3.35
1/7/2023,102.65,0,92,54.45,51.69,3.6
1/8/2023,93.46,0,93,51.54,52.18,3.02
1/9/2023,82.62,0,94,55.59,52.29,2.96
1/10/2023,79.54,0,95,60.72,52.78,3.1
1/11/2023,70.19,0,96,61.73,51.61,3.71
1/12/2023,64.79,0,97,65.75,51.61,3.62
1/13/2023,62.55,0,98,68.26,51.61,3.71
1/14/2023,60.58,0,99,61.86,51.46,4.65
1/15/2023,70.75,0,100,72.63,49.7,3.69
1/16/2023,73.46,0,101,75.35,49.02,3.4
1/17/2023,77.33,0,102,71.54,48.91,3.25
1/18/2023,74.96,0,103,69.75,48.39,3.56
1/19/2023,84.04,0,104,73.37,47.75,3.12
1/20/2023,112.58,0,105,71.74,50.6,3.12
1/21/2023,95.08,0,106,57.96,51.59,4.58
1/22/2023,70.38,0,107,48.64,52.29,4.38
1/23/2023,74.69,0,108,52.43,53.71,4.54
1/24/2023,80,0,109,61.07,55.21,4.85
1/25/2023,95.98,0,110,62.93,56.82,4.52
1/26/2023,87.27,0,111,63.92,56.45,4.31
1/27/2023,70.83,0,112,56.71,56.04,4.06
1/28/2023,66.71,0,113,55.7,55.06,3.9
1/29/2023,71.52,0,114,61.95,55.89,3.38
1/30/2023,119.42,0,115,68.11,56.75,2.35
1/31/2023,101.79,0,116,58.36,58.29,4.14
2/1/2023,73.21,0,117,55.43,56.75,3.79
2/2/2023,70.29,0,118,61.02,56.38,3.48
2/3/2023,68.65,0,119,63.06,56.26,3.46
2/4/2023,76.71,0,120,65.95,56.11,3.62
2/5/2023,74.25,0,121,65.33,55.7,3.85
2/6/2023,79.9,0,122,70.28,55.81,3.98
2/7/2023,67.25,0,123,60.49,55.1,3.69
2/8/2023,66.79,0,124,67.56,54.72,3.6
2/9/2023,72.71,0,125,72.18,54.95,3.85
2/10/2023,82.35,0,126,69.13,56.15,4.31
2/11/2023,80.21,0,127,60.39,57.54,4.54
2/12/2023,53.33,0,128,54.04,55.66,4.75
2/13/2023,57.92,0,129,62.74,54.05,4.52
2/14/2023,62.08,0,130,58.93,55.81,3.48
2/15/2023,51.79,0,131,53.02,59.64,3.9
2/16/2023,60.92,0,132,55.44,61.21,3.92
2/17/2023,70.46,0,133,59.74,60.2,5.59
2/18/2023,96.21,0,134,58.79,61.48,3.25
2/19/2023,70.04,0,135,59.77,61.55,3.83
2/20/2023,65.33,0,136,67.92,60.61,3.94
2/21/2023,86.54,0,137,70.48,61.21,3.35
2/22/2023,72.92,0,138,60.56,61.74,4.75
2/23/2023,73.75,0,139,65.57,61.18,4.73
2/24/2023,68.42,0,140,67.82,60.39,4.85
2/25/2023,77.96,0,141,71.6,60.05,4.75
2/26/2023,75.12,3,142,78.25,55.81,4.1
2/27/2023,70.17,0.2,143,71.35,57.5,3.73
2/28/2023,79.04,0,144,72.12,59.71,3.9
3/1/2023,93.5,0,145,70.79,61.44,3.75
3/2/2023,87.46,0,146,70.04,62.11,3.79
3/3/2023,83.25,0,147,71.96,63.46,4.35
3/4/2023,96.56,0,148,73.15,63.42,4.81
3/5/2023,83.65,0,149,68.42,64.14,4.17
3/6/2023,84.52,0,150,65.58,63.16,4.23
3/7/2023,70.98,0,151,58.62,63.42,4.12
3/8/2023,98.33,0.6,152,72.67,57.01,3.31
3/9/2023,69.71,0,153,56.34,61.25,4.27
3/10/2023,80.69,0,154,53.02,62.86,4.81
3/11/2023,91.48,0,155,63.69,59.71,5.67
3/12/2023,83.96,0,156,63.05,63.28,3.73
3/13/2023,113.17,0.4,157,67.71,63.01,5.3
3/14/2023,90.96,0,158,57.42,63.76,4.46
3/15/2023,37.58,0,159,56.18,61.85,3.58
3/16/2023,84.33,0,160,63.15,63.05,4.56
3/17/2023,95.73,5.4,0,74.18,60.01,3.65
3/18/2023,65.23,1.4,1,75.26,58.78,3.46
3/19/2023,38.33,19.2,0,75.3,59.64,5.27
3/20/2023,20.04,8.6,0,82.48,57.16,3.69
3/21/2023,17.42,0.6,1,77.27,58.36,3.02
3/22/2023,15.96,0,2,64.19,60.88,5.1
3/23/2023,33.71,0,3,67.06,61.89,5.17
3/24/2023,42.79,0,4,63.38,63.28,4.92
3/25/2023,47.75,0,5,59.42,63.01,5.08
3/26/2023,52.23,0,6,46.95,64.89,4.81
3/27/2023,46.88,0,7,48.83,64.62,5.21
3/28/2023,54.54,0,8,48.11,64.18,4.94
3/29/2023,77.4,0,9,50.68,64.89,4.4
3/30/2023,88.46,0,10,55.26,64.96,5.08
3/31/2023,87.1,8.8,0,80.18,57.76,4.58
4/1/2023,30.06,3.6,1,78.94,56.15,3.9
4/2/2023,24.96,9.4,0,76.34,58.55,4.21
4/3/2023,23.46,0,1,69.15,62.49,3.77
4/4/2023,35.98,1,2,64.52,63.12,4.87
4/5/2023,32.48,0,3,56.97,65.08,3.9
4/6/2023,55.88,0,4,50.43,66.31,4.15
4/7/2023,87.42,0,5,53.72,66.99,4.77
4/8/2023,94.31,0,6,51.95,67.48,4.56
4/9/2023,89.5,0,7,41.95,68.86,4.79
4/10/2023,73.62,0,8,41.95,68.75,4.15
4/11/2023,120.42,0,9,46.33,68.94,4.96
4/12/2023,137.88,0,10,46.14,70.21,4.1
4/13/2023,123.35,0,11,42.9,70.96,4.79
4/14/2023,98.35,0,12,48.63,71.94,3.96
4/15/2023,139.9,0,13,53.5,72.31,3.38
4/16/2023,123.69,0,14,42.32,72.42,4.12
4/17/2023,102.65,0,15,39.73,73.62,4.5
4/18/2023,117.42,0,16,38.32,74.68,4.83
4/19/2023,118.44,0,17,40.18,75.12,4.21
4/20/2023,96.67,0,18,37.56,75.73,5.33
4/21/2023,70.9,1.2,19,50.5,67.92,4.54
4/22/2023,56.4,0,20,43.61,69.73,4.52
4/23/2023,81,9,0,57.61,65.41,6.75
4/24/2023,44.5,4,1,80.01,58.1,3.5
4/25/2023,49.62,0,2,69.89,61.51,3.4
4/26/2023,54.27,0,3,61.33,66.73,4.69
4/27/2023,82.62,0,4,60.93,67.66,4.08
4/28/2023,121.25,0,5,56.67,70.36,5.12
5/2/2023,41.73,1,6,84.04,60.72,2
5/3/2023,37.56,5.8,0,80.96,62.82,2.52
5/4/2023,32.44,6.6,0,89.5,59.64,2.21
5/5/2023,30.9,0,1,69.34,67.36,4.29
5/6/2023,31.85,0,2,60.83,71.15,3.9
5/7/2023,38.54,0,3,55.31,71.86,4.77
5/8/2023,39.88,0,4,47.98,72.24,4.73
5/9/2023,45.25,0,5,41.32,72.9,4.62
5/10/2023,49.17,0,6,36.67,72.01,5.81
5/11/2023,51.15,0,7,36.64,71.45,4.69
5/12/2023,67.79,0,8,48.54,72.61,4.81
5/13/2023,71.06,0,9,59.99,74.38,4.46
5/14/2023,60.54,19,0,66.81,70.7,5.17
5/15/2023,31.33,0.6,1,67.62,69.69,4.19
5/16/2023,37.79,2.2,2,70.13,70.7,3.69
5/17/2023,48.67,44,0,78.7,67.36,5.03
5/18/2023,40.21,12.4,0,80.22,69.09,3.85
5/19/2023,35.92,1.6,1,68.75,68.86,5.33
5/20/2023,28.65,2.8,2,67.35,68.82,4.65
5/21/2023,35.1,0,3,68.11,71.52,3.94
5/22/2023,53.08,0,4,70.95,74.3,4.31
5/23/2023,45.17,0,5,72.3,72.05,3.81
5/24/2023,29.19,0,6,70.71,71.94,4.58
5/25/2023,21.31,6.2,0,82.88,65.86,3.5
5/26/2023,18.06,28.4,0,74.56,69.12,4.19
5/27/2023,16.75,9.6,0,78.29,67.96,4.73
5/28/2023,23.42,0,1,73.63,69.61,3.69
5/29/2023,29.02,0,2,70.36,73.51,3.4
5/30/2023,30.65,0,3,61.73,76.59,3.77
5/31/2023,29.71,0,4,56.95,77.56,4.35
10/1/2023,27.02,9.2,0,85.03,72.84,3.02
10/2/2023,16.23,19.6,0,93.47,69.73,2.48
10/3/2023,16.83,7.4,0,93.27,69.99,2.9
