Humidity_std,Precipitation_std,Temperature_std,Wind Speed_std
0.598772386,-0.413135785,-0.87575944,0.223408222
0.187861397,-0.413135785,-1.214807971,0.395741665
-0.087120862,-0.006975534,-1.020206151,-0.425376506
-0.61599299,-0.413135785,-0.598903244,0.821506642
-1.209704685,-0.413135785,-0.719275503,1.510840415
-1.318291429,-0.413135785,-1.170671476,0.334918097
-0.341791931,-0.413135785,-1.094435711,0.922879256
0.237858171,-0.413135785,-1.208789358,0.28423179
-0.169928019,-0.413135785,-1.004156517,0.314643574
-0.290232757,-0.413135785,-1.034249582,-0.171944971
0.987028586,-0.413135785,-1.764507955,-0.749768869
0.544088414,1.820745593,-1.579937157,-1.033612187
0.503466035,-0.381892689,-0.93594557,-0.242905801
0.324571327,-0.413135785,-0.538717114,0.43629071
-0.125399642,-0.413135785,-0.793505063,0.030800256
-0.833947678,0.36794162,-0.883784257,3.538292688
-1.415160179,-0.413135785,-1.050299216,0.649173199
-1.033934775,-0.413135785,-1.094435711,0.111898347
-0.822229684,-0.413135785,-0.689182438,-0.597709949
-0.75270292,-0.413135785,-0.422357263,0.50725154
-0.71364294,-0.413135785,-0.237786466,0.223408222
-0.9855004,-0.413135785,-0.221736831,0.963428301
-1.307354635,-0.413135785,-0.289947778,-0.070572358
-1.228453475,-0.413135785,-0.245811283,0.243682744
-0.977688404,-0.413135785,-0.305997413,0.101761085
-0.019156497,-0.413135785,-1.154621841,0.263957267
-0.776920107,-0.319406496,-0.117414206,0.497114279
-0.174615217,-0.413135785,-0.273898143,2.362370369
-0.864414462,0.055510658,-0.053215668,0.365329881
-1.443283365,-0.100704823,-0.913877322,2.463742983
-0.729266932,-0.413135785,-0.635014921,0.142310131
-0.833947678,1.383342246,-0.057228077,-0.070572358
0.151145016,-0.413135785,-0.087321141,0.547800585
0.479248847,7.585096842,-0.221736831,-0.465925551
1.555741894,0.086753754,-1.236876218,-0.790317915
0.552681609,2.351878229,-0.659089373,-0.283454846
0.530026821,-0.413135785,-0.101364572,0.334918097
0.759699503,0.555400197,-0.530692297,-0.952514096
0.39487929,-0.413135785,-0.199668583,-1.165396585
0.615958777,0.024267562,-0.139482454,-0.516611858
0.441751266,-0.413135785,-0.440413102,-1.256631937
0.540963615,-0.413135785,-0.448437919,0.568075108
-1.072994755,-0.381892689,0.765315696,2.656350949
-2.047150654,-0.413135785,0.662999275,3.051704142
-1.33547782,-0.413135785,0.033051118,0.43629071
-1.003467991,-0.413135785,0.402192713,0.608624154
-0.022281295,-0.413135785,0.624881393,0.608624154
0.644863162,1.070911284,-0.057228077,0.020662994
0.390192093,0.086753754,0.372099648,0.476839756
0.566743202,-0.413135785,0.350031401,-0.374690199
-0.309762747,-0.178812563,0.628893802,0.943153779
-1.158926711,-0.413135785,0.815470804,1.814958256
-1.769824797,-0.413135785,0.78136533,0.334918097
-1.519059726,-0.413135785,0.522564973,1.308095188
-1.319853828,-0.413135785,0.446329208,0.497114279
-0.612868192,-0.413135785,0.410217531,-0.00974879
0.721420723,-0.413135785,-0.456462737,0.416016188
0.831569866,-0.069461727,-0.297972595,-0.932239574
1.451061148,4.741975088,-0.508624049,-1.165396585
1.269041641,0.571021745,-0.334084273,-1.378279074
1.203420875,-0.366271141,-0.63902733,0.263957267
0.867505047,-0.413135785,0.175491625,-0.344278415
0.747200309,1.617665468,0.416236144,0.162584654
1.56355389,-0.21005566,-0.703225868,-1.439102642
0.720639523,-0.163191015,0.01098287,0.669447722
0.670642749,-0.335028044,0.410217531,-0.790317915
0.795634684,-0.413135785,0.514540155,-0.242905801
0.069900257,-0.413135785,1.034147075,1.206722574
-1.065963959,-0.319406496,1.327052906,2.707037256
-0.995655995,-0.053840179,0.996029193,1.429742324
-0.621461387,-0.413135785,0.311913519,0.162584654
0.074587455,-0.413135785,0.681055114,0.040937517
0.456594059,-0.413135785,0.996029193,0.162584654
1.108895723,-0.413135785,0.53058979,-0.050297835
1.639330251,2.867389316,-0.831622945,-1.27690646
0.690953938,-0.319406496,0.041075935,-1.27690646
0.800321882,-0.413135785,0.60481935,0.314643574
1.228419262,1.149019025,0.147404764,-0.993063142
0.917501822,-0.366271141,0.711148179,-1.12484754
1.156548899,-0.413135785,0.673030297,-1.439102642
0.839381862,1.242748314,1.140475904,-0.911965051
0.692516337,-0.413135785,1.433381735,0.182859176
0.872192245,0.758480323,1.627983554,-0.090846881
0.934688213,-0.413135785,1.674126254,1.257408881
0.866723848,2.133176555,1.387239036,0.081486563
0.151926215,-0.381892689,1.914870772,0.628898676
0.205828988,-0.335028044,1.868728073,-0.00974879
-0.134774037,-0.413135785,1.650051802,0.547800585
0.090992647,-0.413135785,0.440310595,-0.151670449
0.429252073,-0.006975534,0.801427373,0.06121204
1.564335089,6.147914417,0.356050014,-1.651985131
1.264354443,3.304792663,0.582751102,-1.550612517
1.09561533,-0.413135785,-3.403576886,-0.658533517
-0.0136881,-0.413135785,-2.292139692,0.547800585
0.188642596,-0.413135785,-2.035345539,0.669447722
0.230827375,-0.413135785,-2.223928745,0.750545813
-0.002751305,-0.413135785,-1.824694085,-0.283454846
-0.678488958,-0.413135785,-1.531788254,-0.516611858
-0.513655843,-0.413135785,-1.329161617,0.020662994
-1.372975401,-0.413135785,-1.080392281,1.156036267
-1.615147276,-0.413135785,-0.486555802,0.608624154
-1.593273688,-0.413135785,-0.470506167,-0.364552937
-1.558900905,-0.413135785,-0.80152988,0.497114279
-1.099555541,-0.413135785,-0.891809075,0.101761085
-0.554278222,-0.413135785,-0.891809075,-0.00974879
0.036308675,-0.413135785,-1.79460102,0.081486563
0.51284043,0.211726139,-1.824694085,0.476839756
0.20192299,1.305234506,-1.591974383,-0.111121403
-0.812855289,-0.319406496,-1.012181334,0.649173199
-1.365163405,-0.413135785,-0.673132804,-0.242905801
-0.90816164,-0.413135785,-0.693194847,0.152447392
-0.290232757,-0.413135785,-0.606928061,1.348644233
0.498778837,-0.413135785,-0.951995204,0.395741665
1.226856863,0.492914005,-2.284114874,-0.891690528
0.447219664,2.086311911,-1.329161617,-0.536886381
0.119115832,-0.413135785,-0.372202155,-0.070572358
0.449563262,-0.413135785,-0.215718218,-0.405101983
1.128425713,-0.413135785,-0.508624049,-1.043749449
0.450344462,-0.413135785,-0.667114191,1.470291369
-0.81129289,0.133618399,-0.237786466,0.669447722
-0.754265319,-0.413135785,-0.38825179,-0.070572358
0.087867848,-0.413135785,-0.079296324,0.770820335
1.222950865,-0.413135785,-0.448437919,-0.030023312
1.428406359,0.055510658,-0.364177338,-1.165396585
2.03071125,1.102154381,-1.614042631,-0.770043392
1.138581308,0.649129486,-1.114497755,0.162584654
0.583148394,-0.038218631,-0.117414206,-0.263180324
0.894847033,0.446049361,-0.689182438,-0.891690528
0.517527627,-0.241298756,0.063144183,0.020662994
0.701109533,-0.413135785,0.207590894,-0.080709619
0.66829915,-0.413135785,0.53058979,-0.486200074
0.683141942,-0.413135785,0.755284674,0.21327096
1.347161601,-0.413135785,0.14539856,-0.465925551
1.265916843,0.211726139,0.364074831,-0.38482746
0.719077124,0.992803544,0.428273369,0.649173199
0.665955551,0.602264842,-0.305997413,-0.212494017
-0.347260328,-0.381892689,0.093237248,0.203133699
0.489404442,-0.413135785,-0.951995204,-0.242905801
0.038652274,4.492030318,-0.350133908,-0.303729369
0.742513112,-0.413135785,-0.522667479,-0.283454846
1.139362508,-0.335028044,-0.526679888,-0.993063142
0.736263515,0.461670909,0.033051118,-0.891690528
0.500341236,-0.413135785,0.777352922,-1.12484754
1.034681762,0.11799685,0.289845271,-0.242905801
1.534649505,-0.163191015,0.356050014,-1.804044051
0.471436851,0.930317352,1.244798529,-0.67880804
0.3753493,-0.413135785,1.627983554,-0.425376506
0.291760943,-0.413135785,1.441406552,0.456565233
0.047245469,-0.413135785,1.499586478,0.223408222
-0.860508464,-0.022597082,1.4634748,1.348644233
-0.471471064,-0.413135785,1.782461287,1.257408881
1.171391691,0.555400197,-0.109389389,-1.043749449
0.41519048,-0.413135785,0.582751102,1.368918756
-0.633179381,-0.413135785,0.957911311,1.115487222
-0.877694855,-0.413135785,0.99001058,-0.131395926
-0.564433816,-0.413135785,1.252823346,-0.111121403
-0.57615181,-0.413135785,1.411313487,0.081486563
-0.4019443,-0.413135785,1.559772607,0.203133699
-0.756608918,-0.413135785,2.027218214,-0.131395926
-1.323759826,-0.413135785,1.734312383,1.490565892
-0.050404481,-0.413135785,0.364074831,-0.303729369
0.45425046,0.805344967,-0.03114742,-1.327592767
-0.055872878,-0.413135785,0.582751102,0.142310131
0.409722083,-0.225677208,0.47040366,0.476839756
0.692516337,0.508535553,0.552658037,0.040937517
-0.351166326,-0.303784948,1.236773711,1.216859835
-0.743328524,-0.413135785,1.184612399,2.108938835
-0.394913504,-0.256920304,1.313009476,0.750545813
-0.412099895,-0.413135785,1.748355814,0.101761085
0.011310288,-0.413135785,1.627983554,0.142310131
0.401128887,-0.413135785,1.184612399,0.43629071
0.339414119,0.133618399,1.4173321,0.06121204
0.763605501,-0.413135785,1.176587582,0.628898676
-0.116025247,-0.381892689,1.252823346,1.764271949
-0.115244047,-0.241298756,1.357145971,0.152447392
-0.391007506,-0.413135785,1.627983554,0.628898676
-0.100401255,-0.413135785,1.636008372,1.074938176
1.110458123,-0.413135785,0.695098544,-0.070572358
1.459654343,2.633066094,0.207590894,-0.952514096
0.892503435,0.446049361,0.996029193,-0.699082562
0.573773998,-0.413135785,-1.704321825,-0.536886381
0.580804795,-0.413135785,-2.260040423,-0.891690528
0.340976518,-0.41157363,-1.816669267,-0.465925551
0.12380303,-0.413135785,-1.810650654,0.334918097
0.183174199,-0.413135785,-1.79460102,-0.151670449
-0.451159875,-0.413135785,-1.750464525,-0.242905801
1.736980201,0.867831159,-3.208975067,-1.297180983
0.380036498,-0.335028044,-2.314207939,0.223408222
0.597209986,-0.413135785,-1.477620737,0.182859176
0.440970067,-0.413135785,-1.305087165,0.416016188
-0.18867681,-0.413135785,-1.028230969,-0.070572358
-1.040184372,-0.413135785,-0.831622945,0.314643574
0.458937658,-0.413135785,-2.215903928,-0.749768869
0.760480703,-0.41157363,-1.931022914,-0.516611858
-0.36366552,-0.413135785,-1.764507955,0.588349631
-0.248829179,-0.413135785,-1.591974383,-0.171944971
0.265981357,-0.413135785,-1.313111982,0.770820335
-0.03165569,-0.413135785,-1.329161617,0.689722244
-0.058997676,-0.413135785,-1.140578411,1.429742324
-0.46053427,-0.413135785,-1.313111982,-0.344278415
0.321446528,-0.413135785,-1.846762332,-0.151670449
0.656581156,-0.41157363,-1.630092265,0.355192619
1.393252377,0.258590783,-1.892905032,-0.67880804
0.877660642,1.055289736,-1.004156517,-0.699082562
0.503466035,-0.413135785,-0.456462737,-0.111121403
0.596428787,-0.41157363,-0.03114742,-0.38482746
0.242545369,-0.413135785,0.416236144,1.17631079
-1.029247577,0.086753754,-0.049203259,1.389193279
-0.905036841,-0.413135785,-0.093339754,0.395741665
-0.806605692,-0.413135785,-0.155532088,-0.00974879
-0.354291124,-0.413135785,-0.093339754,0.821506642
0.244107768,-0.413135785,-0.809554697,0.375467142
-1.212829483,-0.178812563,-0.40229522,0.395741665
-1.174550703,-0.413135785,-0.372202155,0.314643574
-1.058151963,-0.413135785,-0.456462737,0.456565233
-1.071432356,-0.413135785,-0.448437919,-0.131395926
-1.065963959,-0.413135785,-0.139482454,0.416016188
-0.915192436,-0.413135785,0.101262065,-0.38482746
-0.898006045,-0.413135785,-0.045190851,0.162584654
-1.776074394,-0.413135785,-0.169575519,0.355192619
-1.464375754,-0.413135785,0.093237248,0.568075108
0.020684683,-0.413135785,-0.546741931,-0.486200074
0.062088262,-0.225677208,0.372099648,0.395741665
0.137864623,-0.413135785,0.689079931,1.156036267
0.073025056,-0.100704823,0.424260961,-0.536886381
-0.233205187,-0.225677208,0.568707672,0.020662994
0.669080349,-0.41157363,0.243702572,-1.084298494
1.055774151,-0.100704823,0.199566077,0.314643574
0.323790127,0.164861495,-0.131457637,0.182859176
-0.058997676,-0.163191015,-0.237786466,0.101761085
-0.28476436,-0.163191015,-0.207693401,0.06121204
1.219044867,1.961339526,-1.477620737,0.689722244
0.965936197,1.336477602,-1.313111982,-1.49992621
1.463560341,-0.41157363,-1.252925853,-1.733083222
1.215138869,0.61788639,-0.968044839,-1.317455506
1.680733829,0.36794162,-0.951995204,-0.90182779
1.50418272,3.49225124,-0.582853609,-1.358004551
1.412001168,0.008646014,-0.80152988,-0.790317915
1.061242548,0.28983388,-0.659089373,-0.638258994
1.473715936,-0.41157363,-0.659089373,-1.378279074
1.025307366,0.211726139,-0.079296324,-1.104573017
1.554960694,-0.41157363,-0.40229522,-1.763495006
1.065148546,0.28983388,0.123330312,-1.439102642
0.761261902,-0.397514237,0.329969358,-1.418828119
1.598707872,-0.381892689,-0.620971491,-1.651985131
1.383096782,0.836588063,-0.582853609,-1.175533847
0.925313818,0.383563168,-0.454456532,-1.043749449
1.301070825,-0.397514237,-1.591974383,-0.851141483
0.459718857,1.086532833,-0.185625153,-0.212494017
0.483936045,-0.413135785,0.59077592,-0.364552937
0.914377023,-0.413135785,-0.297972595,-0.658533517
0.817508273,-0.381892689,-0.221736831,-2.39200521
0.475342849,-0.381892689,0.492471908,-0.303729369
-0.026187293,-0.41157363,1.102358022,-0.638258994
0.055057465,-0.413135785,1.40328867,0.43629071
0.753449906,-0.366271141,1.230755098,-0.131395926
0.136302223,-0.413135785,1.373195605,-0.050297835
-0.005876104,-0.413135785,1.583847059,0.294369051
0.315978131,-0.413135785,1.395263853,0.122035608
-0.389445106,-0.381892689,1.098345613,0.527526063
0.579242396,-0.413135785,1.01809744,0.395741665
0.7659491,-0.256920304,1.447425165,0.081486563
0.977654191,-0.41157363,1.47751823,1.034389131
1.121394917,-0.413135785,1.493567865,1.368918756
0.334726921,-0.413135785,1.742337201,-0.151670449
0.462062456,-0.41157363,1.319028089,0.081486563
1.405751571,1.258369862,0.213609507,0.223408222
1.637767852,3.226684922,-0.251829896,-1.145122062
0.852662255,2.476850613,0.771334309,-0.030023312
0.735482315,0.524157101,0.350031401,-0.577435426
0.782354291,-0.41157363,0.823495621,-0.202356756
1.379190784,-0.41157363,0.620868984,-1.043749449
-0.655834169,-0.413135785,-0.907858709,0.182859176
-1.402660986,-0.413135785,-1.583949566,1.237134358
-1.301105038,-0.413135785,-1.597992996,1.034389131
-0.554278222,-0.413135785,-1.485645554,-0.050297835
0.45425046,-0.413135785,-1.726390073,0.142310131
0.504247234,0.524157101,-1.658179126,-0.38482746
1.007339776,-0.413135785,-1.597992996,-1.185671108
0.149582617,-0.41157363,-0.974063452,0.203133699
-0.588651004,-0.41157363,-0.620971491,0.527526063
-0.126180842,-0.413135785,-0.943970387,0.709996767
-0.403506699,-0.335028044,-0.635014921,0.263957267
-0.645678575,-0.413135785,-0.161550701,0.395741665
0.301135339,-0.413135785,-1.471602124,-0.719357085
0.344882516,-0.397514237,-1.028230969,-0.242905801
-0.165240822,-0.413135785,-0.733318933,0.334918097
-0.258203574,-0.413135785,-0.574828792,0.416016188
-0.711299341,-0.413135785,-0.574828792,0.649173199
-0.526936236,-0.413135785,-0.380226972,0.263957267
-0.86910166,-0.413135785,-0.251829896,-0.617984471
-1.290168243,-0.413135785,-0.364177338,0.750545813
-1.54874531,-0.413135785,0.027032505,-0.283454846
-1.314385431,-0.413135785,-0.161550701,-0.242905801
-1.375319,-0.413135785,0.169473012,0.101761085
-1.633114867,-0.413135785,-0.011085377,0.395741665
-2.193234979,-0.413135785,-0.364177338,-0.111121403
-1.51046653,-0.413135785,-0.568810179,0.547800585
-1.028466378,-0.413135785,-0.667114191,-0.516611858
-0.724579734,-0.413135785,-0.793505063,-1.064023971
-0.708955742,-0.413135785,-0.500599232,-0.911965051
-0.719892537,-0.41157363,-0.049203259,-0.536886381
0.794853485,-0.413135785,-0.538717114,-0.131395926
-0.219143594,1.117775929,-0.749368568,0.902604733
-1.546401712,-0.413135785,-0.620971491,0.355192619
-2.44400005,-0.413135785,-0.514642662,0.203133699
-2.123708215,-0.413135785,-0.719275503,-1.145122062
-1.514372528,-0.413135785,-0.651064556,-0.790317915
-1.02377918,-0.413135785,-0.560785362,-1.358004551
-0.690988151,-0.413135785,0.14539856,-0.891690528
-0.890194049,-0.413135785,0.243702572,0.669447722
-0.75114052,-0.41157363,-0.273898143,0.689722244
-1.799510382,-0.256920304,0.101262065,0.243682744
-2.296353326,-0.413135785,0.446329208,-0.425376506
-2.229170161,-0.413135785,0.109286882,0.142310131
-1.53077772,-0.413135785,0.071169,-0.658533517
-1.419847377,-0.41157363,0.568707672,-0.851141483
-1.313604231,-0.413135785,0.574726285,1.074938176
0.926876217,-0.41157363,-1.102460529,-1.023474926
0.1808306,1.664530112,-0.514642662,0.851918426
-0.002751305,-0.366271141,-0.560785362,0.862055688
-0.603493796,0.727237226,-0.041178442,-0.972788619
-0.884725652,-0.413135785,0.642937232,-0.263180324
-0.058997676,-0.41157363,-0.46248135,-0.617984471
-0.508187445,0.633507938,-0.733318933,0.902604733
-1.632333667,-0.41157363,0.093237248,0.182859176
-1.934657912,-0.413135785,0.861613503,1.216859835
-1.833883164,-0.413135785,1.086308387,0.081486563
-1.801072781,-0.413135785,1.042171892,0.709996767
-1.774511994,-0.413135785,1.06424014,0.334918097
-1.412035381,-0.413135785,1.214705464,0.395741665
0.540182416,-0.413135785,-0.40229522,-1.104573017
0.177705802,0.586643293,-0.117414206,-0.212494017
0.733919916,-0.381892689,-0.071271507,-0.242905801
1.740104999,1.492693083,-0.78748645,-2.645436744
1.010464574,-0.350649593,0.183516442,-0.263180324
1.569022287,-0.41157363,-0.40229522,0.314643574
0.983122588,-0.241298756,-0.131457637,-0.303729369
0.825320269,-0.335028044,0.087218635,-1.287043722
0.662049553,-0.303784948,0.13135513,-1.651985131
-0.297263554,-0.41157363,0.303888701,0.081486563
-0.177740015,-0.41157363,0.281820454,0.142310131
1.168266893,-0.225677208,-0.281922961,-1.12484754
1.347161601,-0.41157363,-0.229761648,-1.591161562
1.587771077,1.586422372,-0.574828792,-1.297180983
1.534649505,0.680372582,-0.703225868,-2.23994629
0.196454592,-0.381892689,0.342006584,0.669447722
-0.114462848,-0.413135785,0.875656933,-0.131395926
-0.993312396,-0.413135785,1.447425165,1.135761744
-0.44100428,-0.413135785,1.523660929,-0.060435096
0.273793353,-0.41157363,1.230755098,-0.364552937
1.597145472,-0.41157363,0.424260961,-2.493377824
2.170545978,0.61788639,0.071169,-1.256631937
0.86281785,0.446049361,1.266866776,0.162584654
0.388629694,-0.413135785,1.742337201,1.074938176
0.316759331,-0.41157363,2.005149967,0.122035608
0.115209834,-0.413135785,1.824591578,-0.405101983
1.314351218,-0.366271141,0.891706568,-0.932239574
2.36037748,0.727237226,0.213609507,-1.459377165
2.397093861,4.304571741,0.281820454,-2.290632597
2.248665938,0.758480323,-0.169575519,2.271135017
1.44715515,5.179378435,0.763309491,0.628898676
1.283884433,-0.366271141,1.140475904,-1.479651687
0.912814624,2.305013584,1.433381735,0.547800585
0.315196931,-0.413135785,-1.742439707,-0.192219494
0.029277878,-0.413135785,-1.696297008,0.304506313
0.152707415,-0.413135785,-1.527775845,0.497114279
-0.737860127,-0.413135785,-1.373298112,-0.171944971
-0.295701155,-0.413135785,-1.3211368,-0.070572358
0.164425409,-0.413135785,-0.960020022,-0.790317915
-0.281639562,-0.413135785,-0.46248135,-0.486200074
-0.924566831,-0.413135785,-0.32806566,-0.405101983
-0.759733716,-0.413135785,-0.320040843,-0.192219494
-0.13008684,-0.413135785,-0.372202155,0.608624154
-0.369915116,-0.413135785,-0.46248135,-0.171944971
-0.378508312,-0.413135785,-0.305997413,0.162584654
-0.584745006,-0.413135785,-0.079296324,-0.425376506
-0.583182607,-0.413135785,0.342006584,-0.557160903
-0.30507555,-0.413135785,0.508521542,0.527526063
0.269106155,-0.21005566,0.342006584,-0.00974879
-0.198832404,-0.053840179,0.568707672,-0.38482746
-0.610524593,-0.413135785,0.815470804,-0.405101983
-0.930816428,-0.413135785,0.793402556,0.314643574
-0.663646165,-0.413135785,0.803433578,-0.060435096
-0.426942687,-0.413135785,0.468397456,0.568075108
-0.173052818,-0.413135785,0.350031401,-0.070572358
-0.368352717,-0.413135785,0.342006584,0.476839756
-0.443347879,-0.381892689,0.275801841,-0.050297835
-1.396411389,-0.381892689,0.3961741,1.490565892
-1.819040371,-0.413135785,0.259752206,0.142310131
-1.012842386,-0.413135785,0.424260961,0.568075108
-0.201176003,-0.413135785,0.410217531,0.588349631
0.591741589,-0.412354708,0.342006584,0.223408222
1.21279527,-0.412354708,0.356050014,-0.405101983
0.808133878,-0.412354708,0.508521542,0.122035608
1.011245774,-0.413135785,0.634912415,-0.67880804
0.817508273,-0.413135785,1.00405401,0.709996767
-0.076184067,-0.412354708,1.086308387,0.162584654
-0.379289512,-0.412354708,1.252823346,0.568075108
-0.594900601,-0.413135785,1.170568969,0.355192619
-0.777701307,-0.413135785,1.132451087,0.770820335
-0.2066444,-0.413135785,0.875656933,1.237134358
-0.361321921,-0.413135785,1.048190505,3.244312108
0.647206761,-0.311595722,0.364074831,-0.952514096
0.830007467,-0.303784948,0.47040366,-0.38482746
0.465968454,-0.350649593,1.072264957,0.06121204
0.832351066,-0.413135785,1.086308387,1.308095188
0.647206761,-0.319406496,1.170568969,0.223408222
-1.665144051,-0.131947919,1.274891594,0.750545813
-2.272136139,-0.413135785,1.252823346,-0.090846881
-2.530713206,-0.413135785,1.132451087,0.527526063
-2.611957964,-0.413135785,0.973960945,0.943153779
-1.027685178,-0.413135785,1.282916411,0.395741665
0.20036059,-0.350649593,0.717166792,0.547800585
1.033119362,-0.225677208,0.191541259,-1.611436085
0.290198544,-0.2881634,1.050196709,0.395741665
-0.035561688,-0.335028044,0.596794533,1.32836971
-1.187049896,-0.32721727,1.026122258,0.355192619
-1.84169516,-0.366271141,1.335077723,0.395741665
-1.486249343,-0.413135785,1.327052906,-0.658533517
-1.637020865,-0.413135785,1.53770436,0.689722244
-0.943315622,-0.413135785,1.411313487,0.527526063
-0.468346266,-0.413135785,1.605915307,0.203133699
0.597991186,-0.319406496,0.333981766,-0.465925551
1.354192397,-0.085083275,-0.40229522,4.460783472
0.276136951,-0.178812563,0.845563869,-0.790317915
1.655735442,1.781691723,-0.46248135,-0.810592437
0.566743202,1.523936179,0.642937232,0.588349631
1.054211752,1.946499055,0.522564973,0.243682744
0.626114372,1.89104256,0.642937232,0.071349301
0.976872991,-0.202244886,0.342006584,0.223408222
1.068273344,0.133618399,0.416236144,-0.263180324
1.169048092,0.883452707,0.462378843,-0.557160903
0.242545369,1.984771848,0.94386788,-0.911965051
0.662830753,1.320856054,1.184612399,-0.171944971
1.315913617,2.265959714,0.681055114,-1.023474926
0.755793505,0.032078336,1.308997067,-0.810592437
0.625333172,0.430427812,1.471499617,0.243682744
0.986247386,0.250780009,1.455449983,-0.486200074
1.661203839,0.149239947,1.110382839,-1.986514756
1.347942801,1.008425092,0.957911311,-1.084298494
-0.536310631,0.40699549,1.718262749,2.088664313
-0.728485732,-0.256920304,1.47751823,1.17631079
-0.144929632,-0.068680649,1.619958737,1.135761744
0.895628233,1.164640573,0.568707672,-0.617984471
0.530026821,0.250780009,1.034147075,0.243682744
0.727670319,1.484882309,0.14539856,0.355192619
0.86203665,1.117775929,0.303888701,-0.577435426
0.351132113,-0.100704823,0.897725181,-1.185671108
1.691670624,2.415145498,-0.213712014,-1.337730028
1.21357647,7.405449039,-0.041178442,11.02972884
0.951093405,2.789281575,0.681055114,-0.83086696
1.676827831,0.086753754,0.380124466,-2.098024631
1.428406359,0.133618399,0.86963832,0.943153779
1.257323647,0.180483043,1.327052906,-0.770043392
1.696357821,0.461670909,0.905749998,-1.591161562
0.299572939,-0.413135785,-1.124528776,-0.617984471
0.24098297,-0.413135785,-0.990113087,-0.577435426
0.390973292,-0.413135785,-0.719275503,-0.00974879
0.483936045,-0.413135785,-0.72730032,0.456565233
0.114428635,-0.413135785,-0.582853609,-0.192219494
-0.107432051,-0.413135785,-0.779461633,-0.131395926
-0.651146972,-0.413135785,-0.72730032,-0.242905801
0.446438464,-0.319406496,-2.013277291,-1.064023971
-0.82926048,-0.413135785,-1.162646658,-0.090846881
-1.088618747,-0.413135785,-0.839647762,0.456565233
-0.255078775,-0.413135785,-1.471602124,1.32836971
-0.30507555,-0.413135785,-0.755387181,-0.638258994
0.058963463,-0.350649593,-0.809554697,0.95329104
-0.744890924,-0.413135785,-0.659089373,0.101761085
-0.841759674,-0.413135785,-1.042274399,-0.790317915
-0.297263554,-0.413135785,-0.80152988,0.203133699
0.564399603,0.430427812,-1.411415994,-0.719357085
0.64876916,-0.194434112,-1.658179126,-0.911965051
0.651893958,2.58620145,-1.485645554,0.922879256
1.21279527,0.930317352,-1.983184226,-0.67880804
0.805790279,-0.319406496,-1.742439707,-1.358004551
-0.216018796,-0.413135785,-1.236876218,0.750545813
0.008185489,-0.413135785,-1.034249582,0.821506642
-0.279295963,-0.413135785,-0.755387181,0.568075108
-0.588651004,-0.413135785,-0.809554697,0.73027129
-1.562806903,-0.413135785,-0.432388285,0.456565233
-1.415941379,-0.413135785,-0.486555802,0.862055688
-1.47218775,-0.413135785,-0.574828792,0.588349631
-1.271419453,-0.413135785,-0.432388285,0.040937517
-0.913630037,-0.413135785,-0.418344855,0.73027129
1.033119362,0.961560448,-1.862811967,0.223408222
0.936250612,0.149239947,-2.185810863,-0.465925551
0.733138717,1.055289736,-1.704321825,-0.151670449
0.171456205,-0.413135785,-0.913877322,-0.597709949
-0.190239209,-0.256920304,-0.78748645,0.517388801
-0.780044906,-0.413135785,-0.394270403,-0.465925551
-1.290949443,-0.413135785,-0.147507271,-0.212494017
-1.033934775,-0.413135785,-0.011085377,0.416016188
-1.172207104,-0.413135785,0.087218635,0.203133699
-1.953406702,-0.413135785,0.364074831,0.43629071
-1.953406702,-0.413135785,0.342006584,-0.212494017
-1.611241278,-0.413135785,0.380124466,0.608624154
-1.626084071,-0.413135785,0.634912415,-0.263180324
-1.879192741,-0.413135785,0.785377739,0.43629071
-1.431565371,-0.413135785,0.981985762,-0.405101983
-1.051121166,-0.413135785,1.056215322,-0.993063142
-1.924502317,-0.413135785,1.07828357,-0.242905801
-2.126833013,-0.413135785,1.319028089,0.142310131
-2.236982157,-0.413135785,1.531685747,0.476839756
-2.091679031,-0.413135785,1.619958737,-0.151670449
-2.296353326,-0.413135785,1.742337201,0.983702824
-1.285481046,-0.225677208,0.175491625,0.182859176
-1.823727569,-0.413135785,0.538614607,0.162584654
-0.730048131,0.992803544,-0.32806566,2.423193938
1.019838969,0.211726139,-1.79460102,-0.871416006
0.229264976,-0.413135785,-1.110485346,-0.972788619
-0.439441881,-0.413135785,-0.06324669,0.334918097
-0.470689865,-0.413135785,0.123330312,-0.283454846
-0.803480894,-0.381892689,0.665005479,0.770820335
0.544869613,-0.350649593,-0.358158725,-0.770043392
1.440905553,-0.319406496,-0.990113087,-1.966240233
1.50496392,-0.2881634,-1.389347747,-2.098024631
1.334662407,-0.256920304,-1.268975487,-2.39200521
1.094052931,0.492914005,-0.84767258,-1.864867619
1.761197388,0.61788639,-1.485645554,-2.179122722
0.186298998,-0.413135785,0.063144183,-0.070572358
-0.478501861,-0.413135785,0.823495621,-0.465925551
-0.909724039,-0.413135785,0.965936128,0.416016188
-1.482343345,-0.413135785,1.042171892,0.375467142
-2.002622277,-0.413135785,1.174581377,0.263957267
-2.36588009,-0.413135785,0.996029193,1.470291369
-2.368223689,-0.413135785,0.883681751,0.334918097
-1.438596167,-0.413135785,1.116401452,0.456565233
-0.544122627,-0.413135785,1.471499617,0.101761085
-0.011344501,2.554958354,0.733216426,0.821506642
0.051932667,-0.319406496,0.53058979,-0.171944971
0.248013766,-0.069461727,0.733216426,-0.67880804
0.917501822,6.460345379,0.063144183,0.679584983
1.036244161,1.523936179,0.410217531,-0.516611858
0.140208221,-0.163191015,0.364074831,0.983702824
0.030840278,0.024267562,0.356050014,0.294369051
0.090211447,-0.413135785,0.897725181,-0.425376506
0.312072133,-0.413135785,1.455449983,-0.050297835
0.417534079,-0.413135785,1.00405401,-0.557160903
0.293323343,-0.413135785,0.981985762,0.223408222
1.244043254,0.555400197,-0.237786466,-0.871416006
0.594085188,4.023383875,0.416236144,-0.171944971
0.885472638,1.086532833,0.183516442,0.375467142
0.521433625,-0.413135785,0.514540155,-0.67880804
0.265981357,-0.413135785,1.296959841,-0.972788619
-0.408193897,-0.413135785,1.914870772,-0.597709949
-0.781607305,-0.413135785,2.109472592,-0.00974879
