date,PM2.5,Humidity,Precipitation,Temperature,Wind Speed
6/1/2018,39.81,80.62,7.1,71.52,3.44
6/2/2018,28.46,82.96,0.5,69.99,2.94
6/3/2018,39.83,79.08,0,72.24,2.79
6/4/2018,39.96,82.19,1,73.81,3.25
6/5/2018,22.08,78.58,42.5,74.15,3.9
6/6/2018,20.62,80.24,0,75.24,3.69
6/7/2018,18.58,85.6,69.9,74.49,3.42
6/8/2018,25.56,83.67,17.2,73.74,2.69
6/9/2018,28.12,79.84,0.2,76.29,3.27
6/10/2018,14.54,79.16,1.8,75.8,4.06
6/11/2018,18.96,78.34,0,76.16,5.81
6/12/2018,24.25,80.65,14.5,76.29,3.98
6/13/2018,36.92,74.28,0,76.44,5.21
6/14/2018,33.98,79.8,0,74.79,3.69
6/15/2018,56.83,88.54,7,71.34,3.85
6/16/2018,52.6,91.84,5.7,71.08,2.71
6/17/2018,54.79,88.8,10.8,71.82,3.17
6/18/2018,56.02,76.6,15.6,76.02,3.56
6/19/2018,51.44,67.95,0,77.15,4.65
6/20/2018,46.65,73.6,0,76.74,4.52
6/21/2018,37.29,78.15,2,75.84,3.73
6/22/2018,42.27,79.12,0,76.57,3.83
6/23/2018,42.88,86.75,5.8,75.01,3.17
6/24/2018,39.08,83.43,0.3,75.54,3.23
6/25/2018,32.27,82.95,8.8,75.05,4.35
6/26/2018,27.65,87.52,23.2,74.15,2.73
6/27/2018,18.29,81.11,2.5,76.18,3.58
6/28/2018,12.81,79.92,0,75.58,5.27
6/29/2018,17.6,83.6,0,74.08,3.58
6/30/2018,10.15,85.8,3.6,74.04,3.15
7/1/2018,18.04,92.35,4,72.01,2.19
7/2/2018,15.5,97.81,15,69.91,2.06
7/3/2018,14.98,88.9,33.2,73.02,3
7/4/2018,14.33,82.09,2,75.26,4.12
7/5/2018,24,85.43,0.3,74.26,2.89
7/6/2018,22.77,80.94,38,77.19,4.6
7/7/2018,18.54,81.36,0,77.45,3.65
7/8/2018,19.12,89.41,7.4,73.96,4.04
7/9/2018,17.5,89.96,18.3,74.08,2.62
7/10/2018,12.58,91,18,73.48,3.15
7/11/2018,12.15,93.35,20.2,72.91,3.27
7/12/2018,9.85,89.46,93.6,73.62,3.46
7/13/2018,11.21,84.15,5.2,75.58,4.11
7/14/2018,12.15,88.1,1.2,74.19,3.6
7/15/2018,11.77,84.84,17.3,75.39,4.46
7/16/2018,13.48,84.62,14.2,76.32,3.27
7/17/2018,11.31,85.47,0,76.32,4.56
7/18/2018,9.73,87.2,0,75.58,3.85
7/19/2018,10.6,83.64,0.2,76.85,3
7/20/2018,17.9,83.18,16.6,76.81,3.06
7/21/2018,11.25,88.49,17.4,74.43,3.18
7/22/2018,13.31,87.03,3.2,75.42,3.73
7/23/2018,17.29,83.82,29.4,76.1,3.96
7/24/2018,11.02,91.07,0,74.04,3.46
7/25/2018,10.35,90.4,33,73.74,3.44
7/26/2018,10.94,88.17,3.6,74.34,3.88
7/27/2018,10.98,89.38,6.4,74,3.54
7/28/2018,8.17,89.12,3.5,74.08,3.54
7/29/2018,11.58,90.8,3.6,73.62,3.09
7/30/2018,15.71,88.3,3.8,73.47,3.52
7/31/2018,11.35,90.97,0.3,72.99,2.96
8/1/2018,12.31,95.06,15,71.86,3.27
8/2/2018,13.75,90.82,15,72.99,2.65
8/3/2018,12.42,94.6,4.2,72.12,2.08
8/4/2018,14.12,95.32,6,72.05,2.65
8/5/2018,16.6,91.37,32.2,73.18,4.15
8/6/2018,14.04,94.42,44,71.34,5.08
8/7/2018,15.69,88.18,7.2,74.34,7.21
8/8/2018,12.19,82.46,13.3,75.65,7.06
8/9/2018,16.46,80.41,0.6,76.25,4.33
8/10/2018,17.25,88.41,18.3,74.15,3.85
8/11/2018,10.52,89.44,45.6,72.95,3.12
8/12/2018,17.19,93.53,0,72.61,1.98
8/13/2018,11.19,91.4,6.4,72.95,3.65
8/14/2018,16.23,86.03,12.6,74.79,3.7
8/15/2018,9.77,88.48,37.2,74.75,2.92
8/16/2018,14.94,86,13.2,75.88,4.19
8/17/2018,14,86.87,1,75.61,3.58
8/18/2018,10.1,84.35,13.5,76.06,3.48
8/19/2018,13.12,83.69,5.6,75.2,3.56
8/20/2018,15.29,84.72,1.1,75.54,3.94
8/21/2018,12.79,87.74,0.7,75.2,3.85
8/22/2018,10.81,88.77,9.2,74.49,3.08
8/23/2018,9.81,88.56,6.4,75.01,3.29
8/24/2018,9,91.19,15.8,73.25,3.48
8/25/2018,11.67,94.09,10.4,72.05,2.35
8/26/2018,14.9,85.99,1.8,75.01,3.49
8/27/2018,9.21,91.17,0.6,73.55,3.35
8/28/2018,11.73,94.22,38.2,72.76,2.48
8/29/2018,9.42,90.35,3,73.66,2.71
8/30/2018,11.02,92.11,23.9,72.61,2.42
8/31/2018,11.4,91.18,0.8,73.21,2.94
9/1/2018,12.98,86.18,1.8,74.56,4.1
9/2/2018,12.31,90.09,28.3,72.69,3.56
9/3/2018,13.1,85.13,0.4,74.04,3.9
9/4/2018,16.33,80.73,0,76.21,4.06
9/5/2018,18.52,84.35,0,76.02,2.96
9/6/2018,15.96,89.55,9.8,73.55,3.25
9/7/2018,11.23,82.02,34.5,75.42,4.46
9/8/2018,12.42,81.11,0,75.69,3.69
9/9/2018,14.42,84.09,0,75.24,4.4
9/10/2018,13.54,91.8,5.7,71.68,3.08
9/11/2018,13,90.4,10.9,69.91,2.52
9/12/2018,28.25,87.02,0.6,72.2,4.15
9/13/2018,18,84.66,0,72.88,3.31
9/14/2018,22.23,86.31,3,72.27,3.4
9/15/2018,22.65,78.61,0,73.29,8.54
9/16/2018,23.6,81.64,0.2,73.51,3.54
9/17/2018,23.33,79.33,0.5,74.34,3.79
9/18/2018,20.48,79.49,0,74.86,3.71
9/19/2018,21.98,82.94,0,73.81,3.77
9/20/2018,23.54,83.85,24,73.4,3.54
9/21/2018,15.17,88.22,5.4,71.45,3.23
9/22/2018,15.17,87.65,0.6,71.15,2.69
9/23/2018,16.27,79.3,0.9,72.61,4.46
9/24/2018,20.92,79.37,0,73.21,4.71
9/25/2018,29.1,81.72,0,72.91,3.88
9/26/2018,26.17,80.33,0,73.59,4.5
9/27/2018,24.88,79.4,0,72.88,4.71
9/28/2018,24.17,78.85,0,72.24,3.7
9/29/2018,28.12,80.97,0,72.8,3.65
9/30/2018,32.02,80.56,0,73.18,4.1
6/1/2019,38,82.99,0,70.14,3.58
6/2/2019,29.04,79.14,12.5,71.23,3.94
6/3/2019,28.23,76.97,11.6,70.89,3.67
6/4/2019,31.06,74.7,0,73.77,3.85
6/5/2019,30.79,82.64,0,73.55,4.4
6/6/2019,27.67,88.68,0.2,73.1,3.42
6/7/2019,15.62,73.97,21.6,74,4.56
6/8/2019,23.1,70.91,0,76.4,4.71
6/9/2019,28.65,74.9,0,75.84,4.83
6/10/2019,34.62,76.63,4.3,74.04,3.52
6/11/2019,37.79,74.99,0,75.99,4.81
6/12/2019,31.17,74.45,0,75.76,4.17
6/13/2019,34.67,73.87,0,77.98,3.98
6/14/2019,40.02,73.26,0,78.54,5.15
6/15/2019,38.4,68.31,9.7,79.02,4.44
6/16/2019,50.73,66.04,0,79.77,4.69
6/17/2019,48.15,79.05,0,74.3,5.15
6/18/2019,29.5,74,14.5,75.31,4.67
6/19/2019,36.48,74.3,1.2,75.8,5.08
6/20/2019,31.04,74.75,0.9,76.38,4.57
6/21/2019,28.42,78.66,0,76.36,4.6
6/22/2019,13.25,94.55,7.5,70.81,3
6/23/2019,16.67,85.59,24.4,76.29,3.44
6/24/2019,18.67,79.78,2.5,78.31,4.46
6/25/2019,21.65,76.21,0,79.02,4.85
6/26/2019,30.9,82.63,0,75.99,3.15
6/27/2019,22.96,81.87,4.5,76.02,5.15
6/28/2019,30.17,79.97,5,76.74,3.79
6/29/2019,40.9,77.88,0,76.4,4.46
6/30/2019,34.75,79.65,6,76.59,4.23
7/1/2019,36.12,79.69,0,77.49,3.88
7/2/2019,19.23,81.01,28,77.86,4.35
7/3/2019,10.83,80.26,1.2,77.71,5.52
7/4/2019,14.67,78.63,0,78.09,5.42
7/5/2019,15.38,84.08,0,76.74,4.14
7/6/2019,9.29,88.68,2,74.94,4.38
7/7/2019,9.54,91.34,71.5,74.19,2.88
7/8/2019,12.31,88.88,5.3,74.64,4.21
7/9/2019,10.44,93.38,0.4,72.52,4.04
7/10/2019,12.38,94.1,15.4,72.31,4.02
7/11/2019,5.48,92.79,15.9,71.45,10.6
7/12/2019,3.71,99.87,50.7,66.88,6.88
7/13/2019,10.31,93.26,103.5,70.14,3.77
7/14/2019,16.02,95.31,1.3,70.66,2.65
7/15/2019,29.62,87.53,29.5,73.1,3.29
7/16/2019,28.52,85.5,6.5,73.18,2.9
7/17/2019,25.46,83.51,0,75.65,4.21
7/18/2019,14.81,85.87,51.7,75.12,3.73
7/19/2019,20.46,86.79,15,75.39,3.67
7/20/2019,19.29,86.74,33.2,74.82,4.19
7/21/2019,20.65,80.49,8.3,76.25,4.33
7/22/2019,21.88,84.04,0.5,76.02,3.21
7/23/2019,18.5,88.91,17.3,74.82,3.62
7/24/2019,19.77,97.31,5.8,71.34,3.12
7/25/2019,11.33,90.27,0,73.46,3.42
7/26/2019,15,90.29,0.2,73.48,3.29
7/27/2019,11.04,88.56,14,74.98,3.54
7/28/2019,10.46,83.81,8.2,76.55,4.35
7/29/2019,13.58,80.63,0,77.04,5.21
7/30/2019,10.44,80.63,0,75.16,4.96
7/31/2019,11.67,81.3,0,75.73,5.04
8/1/2019,12.67,83.25,0,75.16,5.25
8/2/2019,15.1,84.26,0,75.54,4.04
8/3/2019,14.12,83.36,3.8,75.88,4.4
8/4/2019,12.27,88.26,0,74.9,3.62
8/5/2019,11.54,92.11,10.4,74.15,3.55
8/6/2019,11.81,86.14,11.6,75.65,3.85
8/7/2019,8.9,85.2,23.8,75.95,4.15
8/8/2019,8.81,83.6,2.7,76.44,4.04
8/9/2019,9.75,82.51,0.5,75.39,5.06
8/10/2019,11.67,82.53,0,77.06,4.67
8/11/2019,13.38,85.22,20,77,2.65
8/12/2019,13.35,84.5,0,76.02,4.15
8/13/2019,8.48,86.41,16.8,75.65,4.17
8/14/2019,10.94,83.39,0.8,76.29,5.31
8/15/2019,9.79,86.42,0,74.9,3.6
8/16/2019,9.94,90.81,26,74,3.42
8/17/2019,10.02,89.19,12.2,74.34,2.81
8/18/2019,14.31,91.9,3.5,73.85,3.33
8/19/2019,11.58,83.93,9.4,75.8,4.98
8/20/2019,15.19,84.85,0.2,75.27,3.54
8/21/2019,19.79,83.68,4,76.14,4.88
8/22/2019,16.67,82.69,6.2,76.62,3.65
8/23/2019,19.88,85.55,0,75.42,3.83
8/24/2019,8.62,86.97,24.6,73.96,4.25
8/25/2019,12.79,89.41,8,73.18,2.73
8/26/2019,19.79,85.5,1.1,75.54,3.15
8/27/2019,18.94,81.34,4.5,77.04,3.4
8/28/2019,16.96,80.04,0,77.34,3.88
8/29/2019,16.44,85.14,0,76.06,2.96
8/30/2019,14.27,82.35,0,77.11,4.77
8/31/2019,9.77,89.53,36.4,74.04,3.33
9/1/2019,15.42,87.67,18.5,74.34,2.77
9/2/2019,18.29,81.45,0,76.14,3.23
9/3/2019,15.48,90.65,12.2,73.92,3.42
9/4/2019,11.58,88.1,62.8,74,3
9/5/2019,11.58,88.29,44,74.38,3.4
9/6/2019,8.62,88.43,21.8,74,3.74
9/7/2019,9.42,85.6,8.3,75.24,3.69
9/8/2019,11.58,90.38,0.5,74.45,3.54
9/9/2019,14.71,85.64,10.4,75.69,4.6
9/10/2019,13.79,88.8,0,74.56,3.06
9/11/2019,20.56,88.21,32,74.82,3.9
9/12/2019,16.77,88.34,13.6,75.16,3.12
9/13/2019,12.35,91,0.2,72.76,3.54
9/14/2019,12.79,96.47,5.8,71.15,2.69
9/15/2019,17.33,90.82,4,72.54,3.19
9/16/2019,19.44,90.81,3,72.58,3.1
9/17/2019,16.62,98.62,9.5,68,2.03
9/18/2019,13.46,97.68,26.4,66.22,3.47
9/19/2019,19.46,89.81,10.4,68.15,1.54
9/20/2019,22.71,80,0.1,71.04,3.83
9/21/2019,16.88,76.87,0,72.73,3.69
9/22/2019,19.62,87.8,1.2,70.51,3.1
9/23/2019,18.81,87.7,4.5,71.41,3.46
9/24/2019,22.42,88.93,6.8,71.38,3.2
9/25/2019,11.85,94.54,27.6,68.98,3.08
9/26/2019,7.49,92.33,28.8,68.71,4.52
9/27/2019,9.6,90.66,0.3,68.68,3.33
9/28/2019,8.4,85.39,4.2,68.49,3.96
9/29/2019,11.48,86.88,0.7,67.89,4.02
9/30/2019,16.46,87.2,0.4,68.6,4.48
6/1/2020,19.98,77.24,0.01,70.25,3.83
6/2/2020,15.98,67.69,0,72.8,4.92
6/3/2020,20.79,79.27,0,71.3,3.67
6/4/2020,28.1,86.74,0.01,68.86,2.58
6/5/2020,12.46,94.82,9.6,66.31,3.33
6/6/2020,5.15,91.77,30.5,69.5,3.29
6/7/2020,6.85,83.62,2.2,72.8,4.54
6/8/2020,7.77,80.84,61.2,74.15,3.46
6/9/2020,17.98,78.18,0.01,76.25,4.21
6/10/2020,20.52,81.01,0.01,74.97,3.17
6/11/2020,19.21,76.5,8.2,76.81,4.4
6/12/2020,13.9,76.28,0,77.6,5.12
6/13/2020,8.52,86.75,0.01,74.79,4.12
6/14/2020,3.98,83.07,13.5,76.02,3.71
6/15/2020,5.81,93.13,2,73.29,3.31
6/16/2020,4.1,90.86,23.8,73.21,4.27
6/17/2020,6,87.76,2.7,74.82,3.98
6/18/2020,4.81,93.07,4.4,73.74,2.54
6/19/2020,7.88,93.09,23.6,73.44,2.71
6/20/2020,14.81,92.02,1.4,72.69,3.21
6/21/2020,15.67,91.88,3,72.86,2.54
6/22/2020,5.25,95.47,40,72.58,2.47
6/23/2020,9.29,86.85,5,74.56,3.29
6/24/2020,17.4,87.68,19.7,75.84,2.98
6/25/2020,13.1,92.95,17.4,73.06,2.65
6/26/2020,6.12,87.74,3.5,74.26,3.81
6/27/2020,9.12,85.14,0.2,75.27,3.88
6/28/2020,12.44,94.25,9.2,72.46,3.58
6/29/2020,10,89.77,10.4,73.44,2.79
6/30/2020,19.19,87.25,6,74.23,3.51
7/1/2020,27.48,81.15,0.01,77.38,3.9
7/2/2020,23.92,79.45,0,76.92,5.15
7/3/2020,20.1,85.71,0.4,74.6,3.83
7/4/2020,14.75,93.62,5.8,72.27,2.79
7/5/2020,10.58,83.77,2.7,75.8,3.88
7/6/2020,4.96,92.24,6.5,74.04,3.06
7/7/2020,6.33,88.9,10.2,75.61,3.23
7/8/2020,4.98,84.57,4,77.26,6.56
7/9/2020,8.69,95.79,7.2,73.59,2.71
7/10/2020,6.31,95.22,27.5,72.88,2.31
7/11/2020,4.62,91.45,5.4,74.15,3.16
7/12/2020,9.79,92.39,10,73.02,2.42
7/13/2020,9.67,88.65,8.2,74.15,2.79
7/14/2020,7.92,90.14,8.4,74.08,2.77
7/15/2020,11.48,85.39,0.4,75.76,4.31
7/16/2020,7.62,84.88,0.5,75.99,5
7/17/2020,7.65,85.53,10.6,75.8,4.06
7/18/2020,6.46,96.17,50.2,71.52,2.27
7/19/2020,6.85,98.4,11,70.66,2.94
7/20/2020,6.98,99.14,53,69.69,2.73
7/21/2020,20.73,93.06,66.5,70.79,1.95
7/22/2020,6.29,89.64,9,74,3.31
7/23/2020,8.08,97.09,10.5,71.56,2.46
7/24/2020,7.33,92.85,33.4,72.88,3.08
7/25/2020,7.27,88.46,4.2,74.75,3.85
7/26/2020,8.94,86.24,4.4,76.21,3.88
7/27/2020,9.85,84.15,0.6,76.06,4.73
7/28/2020,11.85,91.98,2.2,73.18,3.98
7/29/2020,8.88,89.74,7.3,73.66,3.25
7/30/2020,10.19,88.94,0.1,73.92,3.69
7/31/2020,10.5,89.38,0.01,74.41,2.99
8/1/2020,7.29,88.35,26.4,75.01,3.77
8/2/2020,9.65,84.73,1.2,77.34,4.25
8/3/2020,12.46,87.46,7.5,76.21,2.31
8/4/2020,11.96,77.73,0,78.99,4.08
8/5/2020,6.18,89.46,8.6,75.76,4.25
8/6/2020,4.44,82.78,22.4,77.71,5.19
8/7/2020,6.1,86.38,0,77.38,3.85
8/8/2020,6.96,92.2,29.1,75.05,3.06
8/9/2020,6.42,93.12,30.5,74.34,3.21
8/10/2020,8.98,90.94,17,74.3,2.67
8/11/2020,5.25,91.53,8,74.08,3.65
8/12/2020,5.85,88.74,32.6,74.68,4.23
8/13/2020,10.83,84.16,2.3,76.1,4.02
8/14/2020,6.54,89.41,15.2,75.5,3.56
8/15/2020,6.42,89.51,16.6,73.66,2.81
8/16/2020,4.98,86.39,4.7,75.95,3.52
8/17/2020,7.27,87.36,5.9,76.7,3.48
8/18/2020,7.23,99.29,8.6,72.01,2.52
8/19/2020,8.29,91.18,50.2,73.89,4.02
8/20/2020,3.98,89.4,5.2,74.04,3.5
8/21/2020,3.21,85.02,3.4,74.52,4.02
8/22/2020,3.81,85.72,0,73.85,3.69
8/23/2020,3.52,84.91,0,74.9,4.06
8/24/2020,4.83,87.77,4.3,75.2,3.52
8/25/2020,4.81,90.59,24.3,76.1,2.83
8/26/2020,6.94,92.25,6.2,74.52,3.17
8/27/2020,5.46,92.2,3.7,73.74,2.79
8/28/2020,5.35,85.2,5.8,74.6,4.69
8/29/2020,6.12,83.07,0,74.94,4.73
8/30/2020,9.6,85.53,0.2,75.27,4.12
8/31/2020,11.21,82.26,0,77.08,4.5
9/1/2020,10.69,91.96,0,75.16,2.9
9/2/2020,8.42,87.93,8.6,75.5,3.42
9/3/2020,6.94,84.12,1,75.61,3.96
9/4/2020,8.94,83.93,0.01,75.73,4
9/5/2020,11.04,81.93,0,75.88,4.5
9/6/2020,13.77,83.38,0,75.84,3.98
9/7/2020,14.85,84.79,0,75.58,4.04
9/8/2020,13.31,91.05,0.1,73.36,2.75
9/9/2020,13.88,89.47,3.4,73.4,3.29
9/10/2020,13.29,83.97,0.2,74.71,3.58
9/11/2020,14.4,86.51,4.4,74.64,3.79
9/12/2020,13.06,83.39,0,75.54,4.15
9/13/2020,10.25,87.94,7.9,74,3.94
9/14/2020,15.29,83.56,1,74.52,4.15
9/15/2020,18.9,88.04,0.3,72.95,4.06
9/16/2020,20.33,91.9,4,72.01,2.46
9/17/2020,25.77,88.4,0.01,73.92,2.83
9/18/2020,17.4,94.69,2,72.2,2.1
9/19/2020,18.44,89.35,20.5,74.6,2.42
9/20/2020,19.6,83.61,0,76.29,3.35
9/21/2020,13.48,92.73,0,72.84,2.96
9/22/2020,12.79,95.84,12.4,71.52,2.79
9/23/2020,4.85,98.66,45,67.92,5.25
9/24/2020,6.35,99.63,73.5,67.25,3.23
9/25/2020,5.12,88.06,37.5,72.09,3.5
9/26/2020,5.62,87.46,1.7,72.46,3.6
9/27/2020,8.67,83.71,0,73.14,3.98
9/28/2020,12.77,80.19,0,73.36,3.56
9/29/2020,18.85,82.93,0,74.04,3.65
9/30/2020,24.98,83.42,0,74.64,3.6
6/1/2021,21.1,79.25,0,72.76,4
6/2/2021,19.71,74.45,0.01,74.19,4.44
6/3/2021,18.38,73.01,0,75.69,4.73
6/4/2021,24.02,74.7,0,75.39,4.42
6/5/2021,29.58,70.91,0,75.99,4.85
6/6/2021,28.44,70.47,0.1,77.11,5.23
6/7/2021,27.29,65.87,0.1,78.44,5.3
6/8/2021,31,76.96,0,75.61,4.08
6/9/2021,29.1,82.5,0.01,74.56,4.96
6/10/2021,21.67,88.31,12.2,72.91,2.83
6/11/2021,19.44,87.28,30.2,72.54,2.79
6/12/2021,7.56,91.46,54,71.15,1.85
6/13/2021,12.38,94.09,8.4,71.9,1.48
6/14/2021,9.27,94.57,17.9,72.65,2.58
6/15/2021,7.6,96.16,7.4,71.41,3.06
6/16/2021,6.52,96.61,12.4,70.89,3.14
6/17/2021,7.83,90.35,6.4,72.91,3.33
6/18/2021,9.29,84.75,0.01,74.49,3.23
6/19/2021,5.65,87.31,0.2,73.29,3.38
6/20/2021,7.62,88.79,2.5,72.05,3.46
6/21/2021,8.5,82.67,0.4,74.77,6.18
6/22/2021,10.08,79.06,0,76.96,4.35
6/23/2021,9.54,90.27,0.01,74.26,3.35
6/24/2021,11.85,81.49,8.6,75.95,4.06
6/25/2021,12.6,92.98,1.2,72.39,2.92
6/26/2021,10.73,93.25,16.8,70.85,1.56
6/27/2021,13.38,79.72,21.5,76.81,5.14
6/28/2021,16.12,84.04,2.3,75.99,3.9
6/29/2021,14.81,86.28,3.6,75.69,2.85
6/30/2021,25.23,94.25,0.5,73.1,3.27
7/1/2021,27.98,96.08,54.6,70.23,1.81
7/2/2021,16.56,97.58,40.2,70.18,1.77
7/3/2021,12.48,88.95,66,72.91,3.35
7/4/2021,16.12,85.01,2.8,74.97,3.27
7/5/2021,15.75,91.59,0.01,74.49,2.92
7/6/2021,14.44,86.1,28,75.99,4.73
7/7/2021,29.08,85.75,0.01,75.95,4.73
7/8/2021,12.92,96.46,16.5,71.97,2.71
7/9/2021,8.96,89.66,34.4,74.08,3.71
7/10/2021,9.9,92.5,1.6,73.44,3.23
7/11/2021,9.56,94.37,91.4,72.16,3.12
7/12/2021,10.88,92.4,1.3,73.55,2.58
7/13/2021,10.42,88.48,16,74.26,3.23
7/14/2021,8.27,89.41,57.3,74.3,3.5
7/15/2021,9.29,91.17,9.5,72.88,2.6
7/16/2021,14.88,94.47,2.2,71.79,2.52
7/17/2021,16.08,94.49,0.7,72.61,2.5
7/18/2021,11,87.21,11.2,74.82,3.71
7/19/2021,13.88,90.61,0.9,74.52,3.17
7/20/2021,15.19,95.95,13.7,72.5,2.6
7/21/2021,10.23,94.55,7.8,72.95,2.81
7/22/2021,10.73,88.17,10,75.76,2.81
7/23/2021,8.19,86.7,0.01,75.95,4.04
7/24/2021,5.77,84.8,42.8,77.98,3.71
7/25/2021,7.94,90.03,10.8,74.45,4.38
7/26/2021,12,94.09,26.3,73.21,1.46
7/27/2021,11.31,91.22,6.2,73.77,4.23
7/28/2021,7.5,88.15,17,74.56,3.58
7/29/2021,6.75,84.53,19.3,75.61,3.9
7/30/2021,5.77,89.34,9.9,75.01,3.29
7/31/2021,3.12,83.14,9.1,76.51,4.4
8/1/2021,6.21,87.55,0,75.46,4.9
8/2/2021,6.46,89.33,1.5,74.68,5.31
8/3/2021,8.23,89.59,6,74.75,3.58
8/4/2021,11.25,94.8,2.3,72.01,2.75
8/5/2021,12.19,82.72,2.8,74.66,2.96
8/6/2021,17.5,84.66,0,76.32,2.98
8/7/2021,15.35,87.62,18,75.12,3.56
8/8/2021,8.88,91.93,2.6,74.08,2.96
8/9/2021,9.98,88.6,29.4,74.97,4.31
8/10/2021,12.27,87.52,0.4,75.61,4.67
8/11/2021,13,87.45,0.01,76.06,4.57
8/12/2021,14.62,93.62,0.7,74.41,3.6
8/13/2021,14.75,90.51,13.8,74.71,4.08
8/14/2021,9.33,90.71,0.01,74.49,4
8/15/2021,7.75,89.48,10.2,74.34,3.35
8/16/2021,12.29,83.82,0.01,75.73,4.33
8/17/2021,16.79,89.32,10.5,74.41,3.12
8/18/2021,14.73,91.6,13.3,73.25,3.17
8/19/2021,6.17,88.1,18.2,74,3.85
8/20/2021,8.73,89.59,0.01,73.59,4.48
8/21/2021,8.58,89.33,0.1,73.59,3.9
8/22/2021,11.96,88.8,3,73.81,3.52
8/23/2021,17.4,97.45,20.8,71.45,2.15
8/24/2021,21.29,92,3.1,72.91,2.19
8/25/2021,14.88,92.04,7,73.96,2.67
8/26/2021,10.67,93.05,0.01,72.27,3.91
8/27/2021,23.42,91.5,41.5,70.51,2.54
8/28/2021,18.67,96.28,13.2,70.48,2.06
8/29/2021,11.92,98.88,20.6,68.68,2.62
8/30/2021,16,92.71,10.7,71.52,2.48
8/31/2021,12.5,88.31,22.5,73.59,2.96
9/1/2021,14.12,85.85,10,74.79,3.69
9/2/2021,17.6,86.85,3.9,74.3,3.94
9/3/2021,16.38,91.23,0.4,71.86,2.46
9/4/2021,14.83,82.25,5.2,75.65,4.33
9/5/2021,17.54,82.65,11.8,76.25,3.88
9/6/2021,11.65,91.31,121.5,72.42,3.38
9/7/2021,10.5,91.86,12,72.99,3.23
9/8/2021,10.73,89.24,3.2,72.65,3.12
9/9/2021,16.79,94.44,32.6,70.92,2
9/10/2021,18.75,86.69,0.4,73.25,2.85
9/11/2021,17.08,82.34,0.01,75.54,3.4
9/12/2021,17.58,83.57,0.01,75.24,3.6
9/13/2021,19.83,87.32,4.5,73.81,3.06
9/14/2021,19.96,84.81,9.2,74.45,3.1
9/15/2021,21.75,90.81,2.5,71.45,3.56
9/16/2021,23.54,91.17,0.7,71.97,1.98
9/17/2021,21.67,95.19,2.5,69.5,1.81
9/18/2021,18.04,85.85,2.2,73.36,3.1
9/19/2021,17.75,83.61,0,75.35,4.33
9/20/2021,17.92,91.97,0.01,72.05,3.44
9/21/2021,12.38,85.29,26,73.21,3.54
9/22/2021,17.62,89.88,19.5,71.19,2.79
9/23/2021,12.98,85.94,2.2,72.71,3.32
9/24/2021,12.29,82.84,0,74.19,3.54
9/25/2021,15.69,85.67,0,72.76,3.52
9/26/2021,22.58,88.29,0,71.71,2.33
9/27/2021,19.27,89.36,21,71.3,3.31
9/28/2021,16.98,91.34,7,70.36,2.88
9/29/2021,15.38,85.55,10,71.9,3.56
9/30/2021,17.31,85.95,0.1,72.65,3.29
6/1/2022,42.83,80.46,2.95,73.77,3.27
6/2/2022,40.75,80.85,0.2,75.27,3.56
6/3/2022,38.58,80.54,3.805,74.52,3.94
6/4/2022,45.19,84.8,7.3,73.77,2.83
6/5/2022,49.27,93.86,6.55,71.94,2.94
6/6/2022,57.98,87.39,8.2,74.6,3.48
6/7/2022,49.92,85.25,2.5,74.49,3.4
6/8/2022,39.71,91.44,16.2,72.8,3.17
6/9/2022,41.83,91.39,18.75,72.99,2.77
6/10/2022,47.23,77.8,2.3,75.95,4.21
6/11/2022,43.94,79.4,0.2,76.25,3.6
6/12/2022,38.62,78.2,0.705,75.39,3.46
6/13/2022,42.94,88,31.9,73.59,4.17
6/14/2022,40.75,88.95,52.3,74.3,3.21
6/15/2022,42.06,90.8,27.9,74.04,2.21
6/16/2022,39.48,81.36,3.1,75.01,4.94
6/17/2022,20.94,75.14,10.25,75.31,4.48
6/18/2022,21.92,78.64,20.2,74.19,3.88
6/19/2022,18,74,13.2,75.24,3.77
6/20/2022,27.46,76.05,0,73.14,4.17
6/21/2022,23.77,86.04,15.005,72.24,3.12
6/22/2022,22.44,81.76,18.25,74.98,3.79
6/23/2022,17.4,80.02,33.85,76.06,4.17
6/24/2022,21.88,84.01,37.95,74.49,4.48
6/25/2022,20.46,82.34,12.5,74.64,4.58
6/26/2022,13.38,84.6,18.8,74.71,3.73
6/27/2022,14.48,84.2,7.75,74.52,3.19
6/28/2022,15.62,88.46,10.6,73.01,3.74
6/29/2022,13.08,93.84,18.3,70.4,3
6/30/2022,13.27,79.68,2.6,74.56,4.23
7/1/2022,20.96,76.06,1,77.64,5.1
7/2/2022,20.08,83.38,3.95,74.6,4.23
7/3/2022,18.79,85.5,5.505,75.12,3.44
7/4/2022,17.56,82.23,10.95,76.4,3.27
7/5/2022,17.48,85.15,0.5,76.4,3.92
7/6/2022,23.9,86.79,8.45,75.73,3.15
7/7/2022,16.5,81.84,14.1,77.49,4.15
7/8/2022,15.65,89.61,27.3,73.32,3.44
7/9/2022,12.73,86.78,35.7,73.1,3.79
7/10/2022,11.44,79.33,7.35,75.99,3.69
7/11/2022,18.33,80.08,1.6,76.34,3.54
7/12/2022,12.54,81.11,3.4,76.29,3.92
7/13/2022,14.46,82.19,2.4,76.06,2.94
7/14/2022,16.48,81.37,1.1,76.02,3.48
7/15/2022,14.5,73.62,0.6,78.99,3.92
7/16/2022,13.6,76.59,0,78.14,4.5
7/17/2022,14.02,75.94,0,78.42,5.54
7/18/2022,13.54,82.95,2.7,75.01,4.92
7/19/2022,11.75,82.3,2.2,74.71,3.25
7/20/2022,14.77,89.06,13.9,73.7,2.88
7/21/2022,16.48,91.31,28.65,72.95,2.93
7/22/2022,16.44,90.1,19.1,72.58,3.81
7/23/2022,12.38,85.63,26.15,73.96,3.02
7/24/2022,12.21,84.88,14.05,73.66,3.4
7/25/2022,12.75,83.89,5.65,73.89,3.94
7/26/2022,12.17,89.15,7.2,72.42,3.17
7/27/2022,12.81,87.16,55,72.76,2.67
7/28/2022,9.6,84.52,9.65,73.96,3.25
7/29/2022,14.5,86.74,6.85,73.66,3.23
7/30/2022,12.15,86.35,7.65,73.74,3.4
7/31/2022,11.12,93.76,26.4,71.9,11.05
8/1/2022,8.33,91.45,30.5,72.58,2.21
8/2/2022,11.44,89.53,11.9,73.29,2.71
8/3/2022,12.88,87.1,6.5,73.74,3.08
8/4/2022,16.12,90.39,3.4,72.99,2.77
8/5/2022,16.92,80.83,6.15,76.29,4.88
8/6/2022,14.1,87.01,24.55,74.08,2.35
8/7/2022,13.92,83.32,13.1,76.29,3.48
8/8/2022,12.83,82.74,0.65,76.14,4.17
8/9/2022,10.15,81.87,4.15,77.04,4.71
8/10/2022,10,85.17,37.75,75.73,3.71
8/11/2022,11.06,78.65,0.95,76.66,4.79
8/12/2022,10.46,77.1,0,77.68,4.29
8/13/2022,13.83,85.09,0.005,75.58,3.81
8/14/2022,10.44,83.41,18.1,74.75,3
8/15/2022,10.1,74.29,0.5,76.1,5.31
8/16/2022,13.1,76.53,0,77.09,4.73
8/17/2022,13.71,77.26,0,76.44,3.67
8/18/2022,14.73,80.66,0,77.34,4.77
8/19/2022,8.73,84.78,12,73.96,3.83
8/20/2022,9.81,81.57,19.9,75.01,4.1
8/21/2022,9.04,74.63,0.05,76.66,5.15
8/22/2022,13.27,75.43,0,76.77,4.85
8/23/2022,15.4,83.85,0,74.86,2.96
8/24/2022,10.06,80.79,17.85,75.95,3.62
8/25/2022,9.75,77.29,0.005,76.81,6.02
8/26/2022,12.52,81.11,0.1,75.8,4.29
8/27/2022,14.08,81.5,0,75.58,3.83
8/28/2022,10.35,88.05,2.95,72.12,3.25
8/29/2022,11,78.04,2.3,75.95,4.04
8/30/2022,11.15,78.38,0,76.29,4.76
8/31/2022,14.25,86.39,0.85,73.62,3.44
9/1/2022,20.35,82.72,0.05,73.62,2.96
9/2/2022,14.62,82.33,0.005,73.21,3.5
9/3/2022,17.85,81.48,0.3,74.45,3.33
9/4/2022,14.92,80.52,2.5,74.75,4.71
9/5/2022,21.06,80.44,5.95,75.12,3.9
9/6/2022,19.08,82.31,0.005,74.71,4.17
9/7/2022,15.5,88.86,11.4,72.27,2.81
9/8/2022,22.17,90.74,10.7,71.22,3.02
9/9/2022,19.48,86.77,0.4,71.9,3.12
9/10/2022,14.9,85.65,10.95,72.09,1.9
9/11/2022,22.54,88.28,3.2,71.98,2.92
9/12/2022,16.31,80.43,2.65,73.62,3.83
9/13/2022,10.46,85.91,0.15,71.52,3.5
9/14/2022,9.73,88.52,18.3,71.23,3.04
9/15/2022,11.67,88.77,14,71.41,3.17
9/16/2022,12.65,88.69,3.2,71.38,3.1
9/17/2022,18.17,90.26,5.25,71.26,2.73
9/18/2022,16.31,84.24,2.4,73.77,2.77
9/19/2022,15.35,86.4,0.605,72.65,3.08
9/20/2022,17.81,85.54,0.45,73.51,3.12
9/21/2022,16.35,81.84,0.15,74,4
9/22/2022,14.52,82.46,3.505,74,4
9/23/2022,15.19,82.53,51.15,73.59,3.48
9/24/2022,14.58,79.15,6.5,73.55,3.52
9/25/2022,16.92,83.35,16.9,72.27,3.48
9/26/2022,18.44,80.87,17.3,72.01,3.27
9/27/2022,14.02,80.4,2.9,72.16,3.83
9/28/2022,17.54,80.62,0,72.58,3.73
9/29/2022,17.77,78.99,5.4,73.02,4.12
9/30/2022,20.83,80.13,11.25,72.89,3.18
6/1/2023,33.96,53.22,0,77.23,5.29
6/2/2023,34.46,52.69,0,76.62,4.62
6/3/2023,31.88,51.88,0,76.4,4.81
6/4/2023,31.67,51.14,0,76.81,4.21
6/5/2023,35.27,56.2,0,76.06,4.29
6/6/2023,32.29,54.87,0,75.12,4.17
6/7/2023,34.04,57.25,0,76.85,4.42
6/8/2023,36.65,53.31,0,79.18,4.5
6/9/2023,35.5,54.49,0,79.92,5.46
6/10/2023,39.67,60.73,0,78.58,6.08
6/11/2023,36.5,68.67,27.2,77.56,5.44
6/12/2023,31.46,79.22,10.6,75.12,4.58
6/13/2023,26.71,82.53,53,74.21,4.72
6/14/2023,25.21,84,37.2,72.63,4.34
6/15/2023,26.54,73.68,0,76.32,3.79
6/16/2023,34.42,69.42,0,77.38,3.77
6/17/2023,33.58,70.46,8.4,79.14,6.25
6/18/2023,25.02,77.62,12.4,76.66,5.35
6/19/2023,18.06,77.63,8.4,76.14,5.52
6/20/2023,19.96,72.02,0,76.92,4.83
6/21/2023,25.71,71.36,1,78.69,5.33
6/22/2023,19.54,75.45,9.8,77.86,5.08
6/23/2023,17.12,78.33,1.2,77.82,4.83
6/24/2023,10.56,78.53,15.6,76.4,5.02
6/25/2023,13.12,80.37,14.4,76.44,4.48
6/26/2023,14.94,79.37,13.2,76.18,4.15
6/27/2023,10.54,88.76,12,73.81,3.23
6/28/2023,9.73,81.92,10.8,75.5,4.88
6/29/2023,9.08,82.73,9.6,74.64,4.52
6/30/2023,9.75,89.24,8.4,72.69,3.5
7/1/2023,10.88,87.44,7.2,73.4,4.06
7/2/2023,13.96,83.2,6,75.54,3.77
7/3/2023,9.29,85.62,4.8,74.82,3.79
7/4/2023,12.31,91.35,3.6,72.72,2.48
7/5/2023,14.12,82.9,2.4,74.11,3.06
7/6/2023,19.12,77.47,1.2,77.08,4.29
7/7/2023,11,79.21,0,76.48,5.38
7/8/2023,8.9,78.2,1.6,76.14,4.54
7/9/2023,13.33,78.76,0,77.23,4.88
7/10/2023,15.4,81.95,2.2,76.32,4.46
7/11/2023,18.35,82.28,29,76.51,3.06
7/12/2023,20.85,83.73,27.6,75.8,3.58
7/13/2023,19.02,89.54,26.2,73.81,2.92
7/14/2023,23.71,89.27,24.4,73.1,2.12
7/15/2023,13.94,81.75,0.8,75.99,3.79
7/16/2023,14.83,86.82,2.6,74.82,4.02
7/17/2023,9.29,90.84,62.4,73.02,2.71
7/18/2023,8.96,87.98,1.8,74,1.94
7/19/2023,11.23,82.39,1.4,76.7,2.75
7/20/2023,17.46,83.38,3.2,77.38,3.6
7/21/2023,14.83,86.05,10,75.42,3.73
7/22/2023,10.23,84.72,0.8,75.91,4.76
7/23/2023,11.02,85.73,0.2,75.09,3.15
7/24/2023,13.35,85.75,1,74.38,3.54
7/25/2023,10.23,87.42,0.6,73.06,2.65
7/26/2023,11.94,81.06,0.2,74.9,3.19
7/27/2023,13.27,84.37,0.4,75.05,3.02
7/28/2023,10.48,85.68,0.4,74.75,4.31
7/29/2023,14.96,88.71,1.6,74.11,3.25
7/30/2023,14.02,89.86,5.2,74.26,2.79
7/31/2023,13.56,84.78,1,76.89,3.65
8/1/2023,9.35,86.56,1,76.25,3.48
8/2/2023,9.19,82.65,0,77.19,3.85
8/3/2023,9.08,85.06,0,76.18,3.83
8/4/2023,10.58,81.52,0,75.99,4.77
8/5/2023,10.5,85.52,0,74.79,3.77
8/6/2023,14.04,92.54,0,72.42,2.85
8/7/2023,12.5,93.91,0,73.06,2.6
8/8/2023,13.65,89.99,0,73.62,2.23
8/9/2023,16.48,89.33,0,74.71,2.92
8/10/2023,9.38,82.5,0,76.18,4.71
8/11/2023,15.29,87.05,0,75.65,3.33
8/12/2023,10.96,95.3,0,73.02,2.5
8/13/2023,12.67,96.91,0,69.39,2.35
8/14/2023,19.25,86.75,0,71.68,1.65
8/15/2023,18.15,81.5,0,75.8,3.65
8/16/2023,19.92,81.96,0,76.25,3.33
8/17/2023,18.1,77.78,0,77.71,3.62
8/18/2023,13.58,83.99,0,76.51,3.73
8/19/2023,12.6,77.95,0,77.38,5.29
8/20/2023,9.52,85.07,0,75.54,4.4
8/21/2023,12.56,96.21,0,70.32,2.98
8/22/2023,9.98,90.35,0,72.01,2.6
8/23/2023,10.9,97.55,0,70.47,1.6
8/24/2023,11.1,91.42,0,72.76,2.56
8/25/2023,8.77,95.63,0,71,3.69
8/26/2023,8.85,89.18,0,73.02,3.27
8/27/2023,12.67,81.16,0,75.01,3.69
8/28/2023,22.56,74.52,0,75.76,4.92
8/29/2023,21.4,76.96,0,75.05,4.31
8/30/2023,26.17,78.01,0,76.74,3.83
8/31/2023,22,80.54,0,75.61,3.98
9/1/2023,24.04,80.64,0,76.66,3.69
9/2/2023,26.23,80.03,0,77.75,4.5
9/3/2023,19.73,78.67,0,76.55,4.69
9/4/2023,9.69,74.59,0,76.36,3.92
9/5/2023,20.31,77.6,0,76.1,2.71
9/6/2023,20.17,73.27,0,76.96,4.25
9/7/2023,13.35,82.11,0,75.09,3.23
9/8/2023,10.88,85.67,0,74.08,2.77
9/9/2023,9.9,86.94,0,73.44,3.83
9/10/2023,11.21,82.29,0,75.42,3.88
9/11/2023,12.6,81.21,0,76.02,3.9
9/12/2023,18.31,89.22,0,72.73,3.48
9/13/2023,12.92,82.07,0,76.29,3.83
9/14/2023,14.27,78.4,0,76.89,4.17
9/15/2023,16.6,78.16,0,77.34,4.4
9/16/2023,10.85,77.01,0,77.23,3.65
9/17/2023,8.12,76.97,0,75.46,4.08
9/18/2023,10.35,72.22,0,76.25,3.58
9/19/2023,19.1,80.36,0,73.44,3.35
9/20/2023,15.35,77.06,0,75.12,4.77
9/21/2023,12.33,80.06,0,74.26,3.58
9/22/2023,11.98,83.3,0,72.95,3.71
9/23/2023,14.52,84.79,0,73.21,3.88
9/24/2023,9.9,83.19,0,71.64,3.4
9/25/2023,12.35,79.58,0,72.5,4.08
9/26/2023,16.56,78.28,0.2,75.05,4.08
9/27/2023,17.17,78.8,0,74.79,4.02
9/28/2023,19.83,78.4,6.2,75.58,3.46
9/29/2023,24.94,78.16,0,74.49,2.9
9/30/2023,29,81.62,0.2,72.95,3.12
