Humidity,PM2.5,Precipitation,Temperature,Wind Speed
74.62,91.73,0,62.68,4.58
69.36,89.75,0,60.99,4.75
65.84,48.9,2.6,61.96,3.94
59.07,79.06,0,64.06,5.17
51.47,64.88,0,63.46,5.85
50.08,52.69,0,61.21,4.69
62.58,79.15,0,61.59,5.27
70,88.92,0,61.02,4.64
64.78,78.44,0,62.04,4.67
63.24,81.54,0,61.89,4.19
79.59,104.31,0,58.25,3.62
73.92,85.31,14.3,59.17,3.34
73.4,89.08,0.2,62.38,4.12
71.11,91.52,0,64.36,4.79
65.35,92.48,0,63.09,4.39
56.28,36.92,5,62.64,7.85
48.84,65.69,0,61.81,5
53.72,99.6,0,61.59,4.47
56.43,126.38,0,63.61,3.77
57.32,133.83,0,64.94,4.86
57.82,132.96,0,65.86,4.58
54.34,114.25,0,65.94,5.31
50.22,97.92,0,65.6,4.29
51.23,112.38,0,65.82,4.6
54.44,135.88,0,65.52,4.46
66.71,145.67,0,61.29,4.62
57.01,120.54,0.6,66.46,4.85
64.72,139.77,0,65.68,6.69
55.89,62.08,3,66.78,4.72
48.48,47.52,2,62.49,6.79
57.62,40.52,0,63.88,4.5
56.28,81.04,11.5,66.76,4.29
68.89,78.19,0,66.61,4.9
73.09,59.73,51.2,65.94,3.9
86.87,47.65,3.2,60.88,3.58
74.03,45.29,17.7,63.76,4.08
73.74,53.94,0,66.54,4.69
76.68,46.81,6.2,64.4,3.42
72.01,59.98,0,66.05,3.21
74.84,63.48,2.8,66.35,3.85
72.61,58.79,0,64.85,3.12
73.88,59.65,0,64.81,4.92
53.22,46.5,0.2,70.86,6.98
40.75,49.19,0,70.35,7.37
49.86,58.81,0,67.21,4.79
54.11,77.23,0,69.05,4.96
66.67,84.96,0,70.16,4.96
75.21,63.33,9.5,66.76,4.38
71.95,56.06,3.2,68.9,4.83
74.21,52.71,0,68.79,3.99
62.99,57.29,1.5,70.18,5.29
52.12,55,0,71.11,6.15
44.3,60.02,0,70.94,4.69
47.51,103.71,0,69.65,5.65
50.06,112.88,0,69.27,4.85
59.11,90.62,0,69.09,4.35
76.19,93.69,0,64.77,4.77
77.6,59.85,2.2,65.56,3.44
85.53,57.29,33,64.51,3.21
83.2,44.06,6.3,65.38,3
82.36,35.85,0.3,63.86,4.62
78.06,35.81,0,67.92,4.02
76.52,42.15,13,69.12,4.52
86.97,31.83,1.3,63.54,2.94
76.18,39.6,1.6,67.1,5.02
75.54,35.31,0.5,69.09,3.58
77.14,42.79,0,69.61,4.12
67.85,53.96,0,72.2,5.55
53.31,54.83,0.6,73.66,7.03
54.21,32.75,2.3,72.01,5.77
59,43.1,0,68.6,4.52
67.91,49.67,0,70.44,4.4
72.8,47.6,0,72.01,4.52
81.15,45.35,0,69.69,4.31
87.94,27.52,21,62.9,3.1
75.8,33.65,0.6,67.25,3.1
77.2,39.15,0,70.06,4.67
82.68,26.5,10,67.78,3.38
78.7,42.79,0.3,70.59,3.25
81.76,43.96,0,70.4,2.94
77.7,41.96,10.6,72.73,3.46
75.82,44.35,0,74.19,4.54
78.12,38.75,7.5,75.16,4.27
78.92,33.15,0,75.39,5.6
78.05,25.25,16.3,73.96,4.44
68.9,40.1,0.2,76.59,4.98
69.59,55.6,0.5,76.36,4.35
65.23,61.06,0,75.27,4.9
68.12,40.75,0,69.24,4.21
72.45,43.94,2.6,71.04,4.42
86.98,37.6,42,68.82,2.73
83.14,47.33,23.8,69.95,2.83
80.98,41.42,0,50.08,3.71
66.78,50.62,0,55.62,4.9
69.37,59.92,0,56.9,5.02
69.91,58.79,0,55.96,5.1
66.92,66.19,0,57.95,4.08
58.27,68.16,0,59.41,3.85
60.38,66.25,0,60.42,4.38
49.38,68.52,0,61.66,5.5
46.28,70.79,0,64.62,4.96
46.56,69.33,0,64.7,4
47,57.67,0,63.05,4.85
52.88,65.69,0,62.6,4.46
59.86,71.88,0,62.6,4.35
67.42,73.5,0,58.1,4.44
73.52,75.17,4,57.95,4.83
69.54,57.96,11,59.11,4.25
56.55,55.29,0.6,62,5
49.48,62.02,0,63.69,4.12
55.33,81.04,0,63.59,4.51
63.24,131.4,0,64.02,5.69
73.34,142,0,62.3,4.75
82.66,43.83,5.8,55.66,3.48
72.68,37.46,16,60.42,3.83
68.48,56.88,0,65.19,4.29
72.71,76.17,0,65.97,3.96
81.4,99.25,0,64.51,3.33
72.72,68.77,0,63.72,5.81
56.57,37,3.5,65.86,5.02
57.3,32.33,0,65.11,4.29
68.08,63.15,0,66.65,5.12
82.61,74.21,0,64.81,4.33
85.24,97.27,3,65.23,3.21
92.95,60.6,9.7,59,3.6
81.53,26.23,6.8,61.49,4.52
74.42,43.08,2.4,66.46,4.1
78.41,48.65,5.5,63.61,3.48
73.58,41.62,1.1,67.36,4.38
75.93,39.46,0,68.08,4.28
75.51,48.54,0,69.69,3.88
75.7,52.92,0,70.81,4.57
84.2,51.9,0,67.77,3.9
83.16,45.94,4,68.86,3.98
76.16,49.71,9,69.18,5
75.48,26.04,6.5,65.52,4.15
62.51,38.12,0.2,67.51,4.56
73.22,42.88,0,62.3,4.12
67.45,46.77,31.4,65.3,4.06
76.46,66.75,0,64.44,4.08
81.54,71.19,0.5,64.42,3.38
76.38,64.65,5.6,67.21,3.48
73.36,73.04,0,70.92,3.25
80.2,65.04,3.4,68.49,4.12
86.6,60.1,1.6,68.82,2.58
72.99,80.08,8.6,73.25,3.69
71.76,69.46,0,75.16,3.94
70.69,76.29,0,74.23,4.81
67.56,76.94,0,74.52,4.58
55.94,67.06,2.5,74.34,5.69
60.92,50,0,75.93,5.6
81.95,57.77,6.2,66.5,3.33
72.27,40.23,0,69.95,5.71
58.85,46,0,71.82,5.46
55.72,68.1,0,71.98,4.23
59.73,90.94,0,73.29,4.25
59.58,99,0,74.08,4.44
61.81,113.38,0,74.82,4.56
57.27,118.06,0,77.15,4.23
50.01,91.81,0,75.69,5.83
66.31,51.71,0,68.86,4.06
72.77,57.92,7.8,66.89,3.05
66.24,64.56,0,69.95,4.5
72.2,49.62,1.2,69.39,4.83
75.82,49.56,5.9,69.8,4.4
62.46,44.4,0.7,73.21,5.56
57.44,65.75,0,72.95,6.44
61.9,55.52,1,73.59,5.1
61.68,93.02,0,75.76,4.46
67.1,77.81,0,75.16,4.5
72.09,64.1,0,72.95,4.79
71.3,56.79,3.5,74.11,4.42
76.73,78,0,72.91,4.98
65.47,43.81,0.2,73.29,6.1
65.48,30.9,1.1,73.81,4.51
61.95,52.42,0,75.16,4.98
65.67,51.54,0,75.2,5.42
81.17,58.08,0,70.51,4.29
85.64,53.69,19.5,68.08,3.42
78.38,49.73,5.5,72.01,3.67
74.3,47.42,0,58.55,3.83
74.39,49.65,0,55.78,3.48
71.32,51.38,0.01,57.99,3.9
68.54,47.73,0,58.02,4.69
69.3,47.06,0,58.1,4.21
61.18,46.17,0,58.32,4.12
89.19,40.75,8.2,51.05,3.08
71.82,47.52,0.5,55.51,4.58
74.6,41.17,0,59.68,4.54
72.6,44.44,0,60.54,4.77
64.54,43.81,0,61.92,4.29
53.64,44,0,62.9,4.67
72.83,71.83,0,56,3.62
76.69,40.17,0.01,57.42,3.85
62.3,32.96,0,58.25,4.94
63.77,29.83,0,59.11,4.19
70.36,26.9,0,60.5,5.12
66.55,29.08,0,60.42,5.04
66.2,31.62,0,61.36,5.77
61.06,40.92,0,60.5,4.02
71.07,40.92,0,57.84,4.21
75.36,38.58,0.01,58.92,4.71
84.79,25.75,4.3,57.61,3.69
78.19,34.4,9.4,62.04,3.67
73.4,37.1,0,64.77,4.25
74.59,41.67,0.01,66.89,3.98
70.06,46.1,0,69.12,5.52
53.78,17.67,3.2,66.8,5.73
55.37,28.04,0,66.58,4.75
56.63,34.08,0,66.27,4.35
62.42,43.17,0,66.58,5.17
70.08,45.69,0,63.01,4.73
51.43,30.44,1.5,65.04,4.75
51.92,43.15,0,65.19,4.67
53.41,52.46,0,64.77,4.81
53.24,68.71,0,64.81,4.23
53.31,80.23,0,66.35,4.77
55.24,73.98,0,67.55,3.98
55.46,80.25,0,66.82,4.52
44.22,60.65,0,66.2,4.71
48.21,75.08,0,67.51,4.92
67.22,128.23,0,64.32,3.88
67.75,106.48,1.2,68.9,4.75
68.72,87.31,0,70.48,5.5
67.89,59.5,2,69.16,3.83
63.97,29.38,1.2,69.88,4.38
75.52,38.54,0.01,68.26,3.29
80.47,46.67,2,68.04,4.67
71.1,24.69,3.7,66.39,4.54
66.2,25.79,1.6,65.86,4.46
63.31,30.31,1.6,66.01,4.42
82.56,11.65,15.2,59.68,5.04
79.32,13.31,11.2,60.5,2.88
85.69,26.58,0.01,60.8,2.65
82.51,28.08,6.6,62.22,3.06
88.47,26.4,5,62.3,3.47
86.21,29.23,25,64.14,3.02
85.03,20.79,2.7,63.05,3.58
80.54,19.25,4.5,63.76,3.73
85.82,19.9,0.01,63.76,3
80.08,21.15,4,66.65,3.27
86.86,19.73,0.01,65.04,2.62
80.59,19.54,4.5,67.66,2.94
76.7,23.52,0.1,68.69,2.96
87.42,14.9,0.2,63.95,2.73
84.66,15.48,8,64.14,3.2
78.8,8.44,5.1,64.78,3.33
83.61,13.81,0.1,59.11,3.52
72.84,17.52,9.6,66.12,4.15
73.15,20.83,0,69.99,4
78.66,24.71,0,65.56,3.71
77.42,39.12,0.2,65.94,2
73.04,37.48,0.2,69.5,4.06
66.62,28.6,0.01,72.54,3.73
67.66,33.94,0,74.04,4.79
76.6,33.25,0.3,73.18,4.23
68.7,40.56,0,73.89,4.31
66.88,38.02,0,74.94,4.65
71,36.4,0,74,4.48
61.97,26.62,0.2,72.52,4.88
74.37,26.15,0,72.12,4.75
76.76,23.75,1,74.26,4.44
79.47,29.6,0.01,74.41,5.38
81.31,22.15,0,74.49,5.71
71.24,29.23,0,75.73,4.21
72.87,29.96,0.01,73.62,4.44
84.95,27.73,10.7,68.11,4.58
87.92,21.67,23.3,65.79,3.23
77.87,17.52,18.5,70.89,4.33
76.37,10.04,6,68.79,3.79
76.97,16.1,0.01,71.15,4.16
84.61,18.73,0.01,70.14,3.33
58.56,72.4,0,62.52,4.54
49,62.98,0,59.15,5.58
50.3,72.23,0,59.08,5.38
59.86,80.69,0,59.64,4.31
72.77,87.33,0,58.44,4.5
73.41,65.58,6,58.78,3.98
79.85,94.62,0,59.08,3.19
68.87,77.9,0.01,62.19,4.56
59.42,60.85,0.01,63.95,4.88
65.34,61.98,0,62.34,5.06
61.79,56.58,0.5,63.88,4.62
58.69,82.1,0,66.24,4.75
70.81,53.67,0,59.71,3.65
71.37,70.71,0.1,61.92,4.12
64.84,79.25,0,63.39,4.69
63.65,87.48,0,64.18,4.77
57.85,102.77,0,64.18,5
60.21,148.25,0,65.15,4.62
55.83,119.5,0,65.79,3.75
50.44,104.35,0,65.23,5.1
47.13,92.6,0,67.18,4.08
50.13,126.06,0,66.24,4.12
49.35,153.73,0,67.89,4.46
46.05,115.48,0,66.99,4.75
38.88,101.17,0,65.23,4.25
47.62,204.17,0,64.21,4.9
53.79,305.02,0,63.72,3.85
57.68,278.6,0,63.09,3.31
57.88,248.29,0,64.55,3.46
57.74,184.27,0.01,66.8,3.83
77.13,153.48,0,64.36,4.23
64.15,57.77,9.8,63.31,5.25
47.16,68.48,0,63.95,4.71
35.67,102.15,0,64.48,4.56
39.77,166.71,0,63.46,3.23
47.57,232.21,0,63.8,3.58
53.85,240.31,0,64.25,3.02
58.11,199.38,0,67.77,3.48
55.56,113.54,0,68.26,5.02
57.34,52.15,0.01,65.68,5.04
43.92,48.62,1,67.55,4.6
37.56,86.48,0,69.27,3.94
38.42,139.58,0,67.59,4.5
47.36,127.27,0,67.4,3.71
48.78,125,0.01,69.88,3.52
50.14,108.44,0,69.91,5.42
78.82,61.48,0.01,61.55,3.35
69.27,53.96,13.3,64.48,5.2
66.92,34,0.3,64.25,5.21
59.23,39.54,7.3,66.84,3.4
55.63,65.79,0,70.25,4.1
66.2,73.29,0.01,64.74,3.75
60.45,27.94,6.7,63.39,5.25
46.06,22.44,0.01,67.51,4.54
42.19,44.81,0,71.34,5.56
43.48,48.94,0,72.46,4.44
43.9,60.48,0,72.24,5.06
44.24,75.25,0,72.35,4.69
48.88,87.58,0,73.1,4.75
73.87,69.08,0,65.04,3.27
69.23,38.75,6.4,66.46,4.15
76.35,37.15,0.2,66.69,4.12
89.23,42.62,12.2,63.12,1.75
79.89,50.19,0.4,67.96,4.1
87.04,42.58,0.01,65.04,4.67
79.54,25.15,1.1,66.39,4.06
77.52,34.77,0.5,67.48,3.09
75.43,38.23,0.7,67.7,2.73
63.15,29.92,0.01,68.56,4.44
64.68,25.77,0.01,68.45,4.5
81.91,35.71,1.2,65.64,3.25
84.2,33.6,0.01,65.9,2.79
87.28,23.42,12.8,64.18,3.08
86.6,18.46,7,63.54,2.15
69.47,22.19,0.2,68.75,5.02
65.49,23.77,0,71.41,4.23
54.24,27.73,0,74.26,5.48
61.31,37.17,0,74.64,4.3
70.46,44.42,0.01,73.18,4
87.4,42.71,0.01,69.16,1.9
94.74,24.48,6.6,67.4,3.12
78,13.48,5.5,73.36,4.52
71.93,16.15,0,75.73,5.42
71.01,15.73,0.01,77.04,4.48
68.43,20.6,0,76.14,3.96
83.78,20.67,0.3,71.49,3.44
97.17,5.31,7.3,68.11,2.92
97.64,5.54,30.2,68.45,2.1
95.74,5.25,7.5,66.2,6.6
85.48,9.9,35.8,70.85,4.98
83.39,24.17,0.3,72.73,2.9
78.64,21.46,17.4,74.19,4.9
70.99,68.69,0,58.36,4.17
67.33,76.25,0,58.59,4.66
68.91,55.6,0,59.43,4.85
57.51,52.54,0,60.2,4.19
63.17,52.02,0,60.46,4.29
69.06,58.21,0,62.26,3.58
63.35,68.75,0,64.74,3.88
55.12,58.02,0,65.41,3.96
57.23,54.6,0,65.45,4.17
65.29,56.42,0,65.19,4.96
62.22,59.04,0,64.74,4.19
62.11,57.65,0,65.52,4.52
59.47,59.56,0,66.65,3.94
59.49,58.35,0,68.75,3.81
63.05,64.71,0,69.58,4.88
70.4,67.29,1.3,68.75,4.35
64.41,65.67,2.3,69.88,3.98
59.14,68.96,0,71.11,3.96
55.04,68.4,0,71,4.67
58.46,65.25,0,71.05,4.3
61.49,74.27,0,69.38,4.92
64.74,69.06,0,68.79,4.29
62.24,69.21,0,68.75,4.83
61.28,64.92,0.2,68.42,4.31
49.08,63.02,0.2,69.02,5.83
43.67,64.25,0,68.34,4.5
53.99,82.58,0,69.16,4.92
64.38,113.73,0,69.09,4.94
74.53,100.98,0.005,68.75,4.58
82.48,93.02,0.005,68.82,3.96
77.3,77.02,0.005,69.58,4.48
79.9,79.33,0,70.21,3.69
77.42,88.56,0,72.05,5.06
65.98,56.88,0.005,72.46,4.52
62.1,65.42,0.005,73.29,4.92
59.34,65.85,0,72.88,4.71
57,65.6,0,72.69,5.12
64.31,68,0,71.41,5.58
62.33,70.35,0,72.27,7.56
75.24,75.54,0.65,68.86,3.42
77.58,67.5,0.7,69.39,3.98
72.92,55.62,0.4,72.39,4.42
77.61,53.98,0,72.46,5.65
75.24,59.94,0.6,72.88,4.58
45.64,41.25,1.8,73.4,5.1
37.87,43.38,0,73.29,4.27
34.56,51.33,0,72.69,4.88
33.52,59.83,0,71.9,5.29
53.8,94.94,0,73.44,4.75
69.52,106.81,0.4,70.62,4.9
80.18,58.77,1.2,68,2.77
70.67,46.92,0.8,72.28,4.75
66.5,39.9,0.5,70.02,5.67
51.76,46.6,0.55,72.16,4.71
43.38,73.85,0.3,73.7,4.75
47.93,98.33,0,73.66,3.71
46,100.27,0,74.71,5.04
54.88,72.81,0,74.08,4.88
60.96,84.35,0,75.05,4.56
74.61,66.31,0.6,68.71,3.9
84.29,42.27,2.1,65.04,8.76
70.49,36.02,1.5,71.26,3.58
88.15,58.96,14.05,64.74,3.56
74.21,31.98,12.4,70.25,4.94
80.45,30.67,15.105,69.65,4.6
74.97,19.25,14.75,70.25,4.43
79.46,23.75,1.35,68.75,4.58
80.63,25.33,3.5,69.12,4.1
81.92,26.23,8.3,69.35,3.81
70.06,29.23,15.35,71.75,3.46
75.44,35.54,11.1,72.95,4.19
83.8,24.48,17.15,70.44,3.35
76.63,31.62,2.85,73.57,3.56
74.96,31.4,5.4,74.38,4.6
79.58,40.33,4.25,74.3,3.88
88.22,56.73,3.6,72.58,2.4
84.21,43.85,9.1,71.82,3.29
60.09,38.73,5.25,75.61,6.42
57.63,37.73,1,74.41,5.52
65.1,41.83,2.205,75.12,5.48
78.42,38.46,10.1,69.88,3.75
73.74,31.04,4.25,72.2,4.6
76.27,22.33,12.15,67.77,4.71
77.99,26.67,9.8,68.56,3.79
71.45,32.94,2,71.52,3.19
88.61,34.98,18.105,65.98,3.04
82.49,22.9,50.05,66.84,15.24
79.13,27.92,20.5,70.44,3.54
88.42,33.81,3.2,68.94,2.29
85.24,40.77,3.5,71.38,5.29
83.05,43.5,3.8,73.66,3.6
88.67,37.92,5.6,71.56,2.79
70.79,93.5,0,61.44,3.75
70.04,87.46,0,62.11,3.79
71.96,83.25,0,63.46,4.35
73.15,96.56,0,63.42,4.81
68.42,83.65,0,64.14,4.17
65.58,84.52,0,63.16,4.23
58.62,70.98,0,63.42,4.12
72.67,98.33,0.6,57.01,3.31
56.34,69.71,0,61.25,4.27
53.02,80.69,0,62.86,4.81
63.69,91.48,0,59.71,5.67
63.05,83.96,0,63.28,3.73
67.71,113.17,0.4,63.01,5.3
57.42,90.96,0,63.76,4.46
56.18,37.58,0,61.85,3.58
63.15,84.33,0,63.05,4.56
74.18,95.73,5.4,60.01,3.65
75.26,65.23,1.4,58.78,3.46
75.3,38.33,19.2,59.64,5.27
82.48,20.04,8.6,57.16,3.69
77.27,17.42,0.6,58.36,3.02
64.19,15.96,0,60.88,5.1
67.06,33.71,0,61.89,5.17
63.38,42.79,0,63.28,4.92
59.42,47.75,0,63.01,5.08
46.95,52.23,0,64.89,4.81
48.83,46.88,0,64.62,5.21
48.11,54.54,0,64.18,4.94
50.68,77.4,0,64.89,4.4
55.26,88.46,0,64.96,5.08
80.18,87.1,8.8,57.76,4.58
78.94,30.06,3.6,56.15,3.9
76.34,24.96,9.4,58.55,4.21
69.15,23.46,0,62.49,3.77
64.52,35.98,1,63.12,4.87
56.97,32.48,0,65.08,3.9
50.43,55.88,0,66.31,4.15
53.72,87.42,0,66.99,4.77
51.95,94.31,0,67.48,4.56
41.95,89.5,0,68.86,4.79
41.95,73.62,0,68.75,4.15
46.33,120.42,0,68.94,4.96
46.14,137.88,0,70.21,4.1
42.9,123.35,0,70.96,4.79
48.63,98.35,0,71.94,3.96
53.5,139.9,0,72.31,3.38
42.32,123.69,0,72.42,4.12
39.73,102.65,0,73.62,4.5
38.32,117.42,0,74.68,4.83
40.18,118.44,0,75.12,4.21
37.56,96.67,0,75.73,5.33
50.5,70.9,1.2,67.92,4.54
43.61,56.4,0,69.73,4.52
57.61,81,9,65.41,6.75
80.01,44.5,4,58.1,3.5
69.89,49.62,0,61.51,3.4
61.33,54.27,0,66.73,4.69
60.93,82.62,0,67.66,4.08
56.67,121.25,0.2,70.36,5.12
73.93,87.58,0.4,65.26,3.6
85.4,68.31,0.6,62.11,2.42
86.22,50.62,0.8,60.12,2.29
84.04,41.73,1,60.72,2
80.96,37.56,5.8,62.82,2.52
89.5,32.44,6.6,59.64,2.21
69.34,30.9,0,67.36,4.29
60.83,31.85,0,71.15,3.9
55.31,38.54,0,71.86,4.77
47.98,39.88,0,72.24,4.73
41.32,45.25,0,72.9,4.62
36.67,49.17,0,72.01,5.81
36.64,51.15,0,71.45,4.69
48.54,67.79,0,72.61,4.81
59.99,71.06,0,74.38,4.46
66.81,60.54,19,70.7,5.17
67.62,31.33,0.6,69.69,4.19
70.13,37.79,2.2,70.7,3.69
78.7,48.67,44,67.36,5.03
80.22,40.21,12.4,69.09,3.85
68.75,35.92,1.6,68.86,5.33
67.35,28.65,2.8,68.82,4.65
68.11,35.1,0,71.52,3.94
70.95,53.08,0,74.3,4.31
72.3,45.17,0,72.05,3.81
70.71,29.19,0,71.94,4.58
82.88,21.31,6.2,65.86,3.5
74.56,18.06,28.4,69.12,4.19
78.29,16.75,9.6,67.96,4.73
73.63,23.42,0,69.61,3.69
70.36,29.02,0,73.51,3.4
61.73,30.65,0,76.59,3.77
56.95,29.71,0,77.56,4.35
