PM2.5,Humidity,Precipitation,Temperature,Wind Speed
91.26,76.61,0,53.8,2.67
79.71,73.36,0,53.68,2.85
70.81,75.15,0,53.38,2.71
66.94,75.41,0,53.56,3.23
59.73,70.82,0,56.41,2.56
60.5,74.11,0.1,56.9,3.1
52.73,78.01,0,57.24,3.38
62.69,77.98,0,57.58,3.4
59.56,74.56,0,57.05,2.71
74.19,71.11,0,57.46,3
73.31,72.98,0,57.12,3.15
67.81,67.87,0,56.3,2.9
71.92,69.35,0,54.46,3.1
82.12,65.11,0,52.59,3.33
86.12,61.61,0,51.16,3.6
94.98,66.68,0,50.41,3.25
93.9,75.11,0,51.2,2.52
92.54,78.67,0,51.99,2.83
88.06,76.5,0,53.36,2.3
97.1,76.05,0,53.6,2.89
91,75.16,0,53.26,3
79.1,76.33,0,52.51,3.25
78.44,80.01,0,52.78,2.88
80.79,79,0,52.81,2.48
84.88,76.46,0,52.25,3.12
87.77,74.56,0,51.76,3.25
92.96,67.1,0,52.51,2.81
90.21,60.71,0,52.25,3
88.5,64.18,0,51.95,3.15
98.75,67.79,0,51.35,3.06
86.88,70.28,0,52.14,2.9
81.92,72.85,0,51.12,3.62
62.83,68.07,0,48.84,3.42
75.77,64.75,0,48.2,3.54
81.56,66.72,0,48.01,3.65
74.02,68.89,0,47.49,3.35
85.33,61.32,0,46.25,3.42
80.85,59.53,0,45.09,3.25
82.58,76.77,0,44.98,3.44
103.98,68.96,0,45.93,3.03
123.62,71.36,0,46.81,3.42
113.85,70.27,0,48.09,3.15
116.35,73.39,0,49.48,3.25
110.31,72.82,0,50.34,3.69
93.69,73.45,0,50.56,2.9
94.81,72.2,0,50,2.92
76.6,72.82,0,50.66,3.2
87.71,72.63,0,51.61,3.5
98.27,74.3,0,51.91,3.58
97.38,71.29,0,51.72,3.48
99.35,71.26,0,52.18,3.06
75.29,71.16,0,52.89,2.94
98.06,72.31,0,53.22,6.65
94.42,73.6,0,54.24,3.06
84.04,84.78,1.5,46.59,3.93
79.1,76.75,4.6,48.72,3.02
83.6,77.74,0,49.21,3.58
80.79,73.6,0,48.01,3.71
94.29,72.93,0,47.82,3.52
106.67,75.77,0,48.72,3.54
112.17,75.57,0,50.11,3.02
116.75,78.78,0,50.45,3.15
121.79,75.35,0,51.69,3.48
123.92,77.34,0,52.66,3.58
107.69,72.51,0,53.75,3.83
101.88,60.39,0,53.11,4.83
98.29,55.38,0,57.01,3.58
108.08,58.26,0,58.4,3.67
104.31,57.18,0,55.4,2.96
80.29,41.9,0,55.74,4.4
77.79,43.35,0,54.5,4.15
72.27,48.7,0,53.98,4.67
83.5,76.96,0,55.98,3.93
139.54,66.02,1.5,53.86,2.81
106.12,75.45,0,54.91,2.31
114.65,67.67,0,55.06,4.42
69.25,70.23,0,56.98,4.06
82.29,75.4,0,57.69,3.71
89.42,74.01,0,57.05,4.83
91.27,70.05,0,56.19,4.67
98.67,72.68,0,56.04,4.23
103.44,71.6,0,56.49,3.54
107.89,65.16,0,58.7,3.28
47.8,72.91,0,62.69,4.7
87.21,74.58,0,62.26,4.33
68.4,77.96,0,55.19,2.61
66.12,76.04,0,54.72,2.98
80.56,77.57,0,53.86,3.17
90.44,77.81,0,53.11,3.02
97.27,78.36,0,53.15,2.65
77.83,76.84,0,52.92,3.08
72.12,77.88,0,52.04,3.26
79.33,75.52,0,51.58,2.78
74.42,75.54,0,51.76,3
74.96,72.11,0,51.58,3.17
66.23,72.71,0,50.98,2.94
62.4,67.44,0,52.78,2.77
74.08,63.96,0,54.8,2.92
86.27,67.52,0,51.05,3.15
86.42,67.66,0,50.38,2.38
150.73,65.51,0,51.01,2.71
104.42,70.28,0,51.76,3.38
109.33,77.28,0,50.71,2.88
122.19,79.69,0,51.61,2.79
99.77,75.59,0,52.06,2.65
98.71,76.79,0,50.3,3.52
99.31,75.42,0,49.96,2.4
91.04,75.12,0,49.85,3.21
87.77,71.47,0,48.72,3.25
82.02,76.19,0,48.88,3.54
89.08,76.25,0,47.49,4.42
98.33,71.15,0,46.85,3.04
106.48,70.45,0,46.81,2.81
129.67,68.76,0,47.22,2.88
127,66.62,0,48.12,2.71
113.33,67.59,0,47.79,3.4
105.56,66.4,0,47.68,3.66
91.08,68.78,0,46.7,3.75
92.1,68.74,0,45.95,4.23
121.29,71.45,0,47.11,2.75
132.92,64.81,0,50.71,2.62
131.54,71.63,0.6,48.5,4
101.98,62.68,0,50.22,3.12
104.73,72.37,0,50.04,3.1
105.73,75.56,0,49.61,3.07
118.92,78.47,0,49.89,3.25
132.29,75.07,0,49.66,2.5
132.17,73.07,0,49.78,3.48
105.67,69.81,0,48.99,3.65
108.12,70.96,0,49.18,3.15
104.85,75.56,0,49.59,3.27
118.23,74.68,0,49.92,2.77
112.56,74.48,0,50.49,3.04
106.1,72.98,0,50.22,3.31
100.44,73.24,0,51.16,3.04
116.35,69.71,0,52.66,3.14
108.27,69.1,0,54.91,3.5
47.27,93.51,10.1,47.56,3.54
88.88,75.3,4.2,50.45,3.4
79.77,75.83,0,51.76,3.23
56.77,89.08,3.5,49.59,3.03
118.98,78.3,0.7,50.26,2.69
89.06,76.89,0,49.4,3.27
75.56,74.99,0,47.68,3.96
87.1,69.16,0,49.59,3.23
96.1,72.71,0,51.95,3
116.92,71.77,0,52.36,3.71
104.58,66.21,0,51.95,3.69
88,66.69,0,52.81,3.73
87,70.89,0,53.92,3.41
99.02,74.13,0,53.75,3.52
97.4,71.95,0,55.62,3.44
79.65,98.38,2.5,50.08,2.4
42.19,85.96,18.3,51.24,3.98
21.9,80.96,21.5,46.06,5.33
55.52,73.12,7.7,50.56,3.42
67.12,76.59,0,53.19,3.04
74.48,76.42,0,53.82,3.4
75.25,76.69,0,56.04,3.15
103.71,80.54,0,56.04,3
83.42,76.11,0,56.08,3.31
50.83,83.58,0,51.03,4.29
45.77,76.81,5,51.24,4.65
52.21,76.39,0,53.75,5.72
63.67,76.85,1.2,53.15,3.73
65.73,71.93,0,55.44,4
76.12,71.36,0,58.85,4.52
75.56,63.41,0,60.31,5.12
61.69,62.2,0,58.78,4.31
63.9,52.61,0,59.68,3.04
32.12,52.58,0,56.52,3.96
43.15,46.68,0,56.79,4.38
38.33,71.92,0,51.16,6.19
13.04,71.08,29,47.82,6.21
51.6,70.81,0,54.35,3.69
51.04,80.24,0,53.98,3.12
55.77,79.05,0,53.34,3
71.35,79.43,0,53.79,2.65
90.88,76.02,0,53.6,2.69
90.02,70.17,0,53.19,2.81
81.35,71.01,0,52.48,2.85
66.23,71.27,0,52.62,3.02
61.65,77.45,0,52.14,3.25
62.69,79.42,0,53.08,3.23
55.17,77.73,0,53.86,3.35
74.98,83.97,0,53.64,2.17
86.85,94.72,0,49.59,4.19
25.58,86.98,33.4,51.91,3.81
53.92,86.27,0,51.05,2.9
56.56,82.74,0,50.56,3.12
51.81,79,0,49.36,3.15
58.29,78.38,0,49.02,3.15
69.73,77.85,0,49.89,3.04
79.4,77.49,0,50.75,2.58
97.38,79.17,0,51.12,2.42
87.9,71.21,0,50.71,3.69
78.1,75.05,0,49.62,3.12
69.52,77.25,0,48.54,3.23
83.52,73.7,0,46.62,3.17
76.46,73.8,0,45.42,2.96
78.06,72.52,0,44.82,3.36
99.75,68.07,0,46.85,2.69
116.42,70.69,0,47.22,3.1
104.98,67.53,0,47.68,3
136.42,65.54,0,48.28,2.83
146.22,72.13,0,49.25,2.4
151.85,74.12,0,50.66,2.35
147.54,93.57,0,46.29,2.1
65.21,93.47,5.2,47.08,2.35
42.71,79.08,1.5,46.25,3.31
67.38,81.3,0,47.15,2.96
78.33,81.55,0,50.22,2.81
108.17,90.1,0,48.18,2.03
68.46,93.55,3,47.7,2.28
61.31,84.35,0.3,48.65,2.96
82.19,80.9,0,48.65,2.76
93.79,78.04,0,50.21,2.92
103.38,76.62,0,51.28,3.23
99,75.82,0,52.7,3.21
92.12,73.19,0,53.41,3.92
88.73,87.29,0,51.01,2.06
48.6,100,20.8,47.38,2.04
73.58,84.7,32.4,48.84,2.6
81.33,72.67,0,47.41,3.25
73.42,71.11,0,47.19,3.62
123.48,75.25,0,46.78,18.88
102.35,66.62,0,48.65,3.6
70.79,71.73,0,48.5,4.4
64.81,80.19,0,46.81,4.35
83.69,78.16,0,48.58,2.92
83.21,81.35,0,47.86,2.88
83.33,78.91,0,48.8,3.35
105.71,71.44,0,51.84,3.69
78.17,73.81,0,52.92,3.85
67.88,74.48,0,50.26,3.88
62.5,77.65,0,51.42,3.46
58.65,74.66,0,50.82,4.94
56.52,74.35,0,49.46,3.87
72.12,77.6,0,48.69,3.52
80.85,76.47,0,49.96,3.65
72.73,76.32,0,49.48,3.98
79.15,74.61,0,50.15,4.21
79.71,74.34,0,51.12,4.33
72.85,68.08,0,49.36,4.46
80.6,69.7,0,49.14,3.21
81.67,67.2,0,50.56,3.66
78.52,69.41,0,51.8,3.42
82.69,72.46,0,53.26,3.73
83.21,71.51,0,54.88,4.05
83.81,72.26,0,56.19,3.62
100.02,73.81,0,56.82,3.9
120.04,76.2,0,58.02,3.1
124.79,79.69,0,57.54,3.5
110.98,77.58,0,58.51,3.21
104.96,79.61,0,58.25,3.08
122.42,81.6,0.01,57.39,3.85
148.9,87.78,0,55.18,3.31
64.96,77.54,6.4,56.94,3.29
80.94,71.22,0,55.44,3.08
69,69.15,0,55.21,3.77
46.46,78.14,0.01,54.01,5.08
21.9,87.93,5.6,51.05,3.69
30.52,77.24,1.7,54.97,3.6
42.21,76.61,0,56.79,3.44
51.9,74.08,0,58.4,3.91
57.23,73.5,0,55.74,3.08
47.08,72.8,0,56.68,2.77
42.25,73.74,0,56.15,3.19
45.98,79.08,0,55.81,3.12
47.77,78.46,0,55.32,3.12
49.58,80.87,0,54.8,3.38
63.92,81.44,0,56.04,2.56
79.12,81.44,0,56.26,3.02
86.85,81.09,0,57.28,2.58
84.6,80.42,0,56,3.06
80.42,80.21,0,56.26,2.94
71.17,66.32,0,55.06,3.29
66.58,69.71,0,53,3.38
63.6,69.4,0,51.12,3
64.71,64.95,0,50.19,3.62
69.98,63.52,0,49.62,3.62
71.04,67.03,0,49.02,3.25
80.06,68.68,0,48.31,3.12
88.19,76.93,0,49.25,3.35
88.92,75.03,0,50.11,2.92
95.75,71.1,0,51.09,2.65
84.9,67.45,0,51.16,3.65
102.21,71.44,0,50,2.88
101.04,73.62,0,49.59,3.25
93.44,60.9,0,49.1,3.77
89.1,71.3,0,48.99,3.23
91.58,75.82,0,49.18,3.29
88.1,76.55,0,47.94,3.46
89.19,71.68,0,47.64,2.96
95.77,71.53,0,47.49,2.73
120.85,69.55,0,48.09,2.96
119.71,72.8,0,47.79,3.08
130.08,64.82,0,49.02,2.25
115.6,60.3,0,54.95,2.42
272.15,73.95,0.01,55.62,2.46
308.56,72.59,0.01,55.62,2.33
132.67,66.68,0,56.6,3.58
92.79,59.44,0,55.25,4.06
78.98,66.13,0,53.3,3.67
93.52,63.21,0,54.72,3.58
89.06,58.84,0,54.95,4.12
90.02,70.33,0,53.49,3.23
96.29,79.42,0,51.99,3.67
102.27,77.27,0,51.84,3.75
91.58,79.6,0,51.76,3.38
99.69,80.55,0,52.14,3.48
83.42,73.06,0,53.52,3.85
81.56,73.46,0,53.52,2.62
86.85,71.08,0,54.76,3.38
71.94,70.76,0,52.74,3.46
77.06,73.3,0,51.05,3.94
82.02,69.29,0,49.92,3.35
94.27,75.55,0,50,3.5
96.54,76.71,0,51.46,3.58
82.27,75.52,0,51.05,3.88
83.02,72.88,0,50.11,3.33
80.71,68.8,0,50.19,3.15
79.71,82.68,0,43.92,2.88
88.25,66.07,0,49.92,3.35
80.98,65.57,0,50.08,4.02
67.29,62.97,0,48.72,3.69
69.52,65.6,0,48.69,4.29
78.38,66.5,0,49.06,3.42
86.19,64.24,0,50.94,3.6
90.29,64.77,0,52.4,3.33
82.42,61.07,0,52.96,3.62
87.92,67.67,0,51.69,4.35
57.67,78.87,0.1,47.38,4.06
50.9,67.79,1.2,49.06,3.23
85.25,59.77,0,53.45,3.02
86.83,67.64,0,55.29,3.6
91.42,75.29,0,54.5,3.69
82.94,75.85,0,55.89,3.08
96.56,74.59,0,56.3,3.35
97.88,75.4,0,56.9,3.35
96.1,74.4,0,57.54,3.77
96.48,74.3,0,56.86,4.39
73.88,70.99,0,56.41,3.68
72.67,62.79,0,55.66,4.04
56.27,64.52,0.01,53.98,3.3
48.6,61.15,0.01,55.18,3.71
51.92,59.94,0.01,57.05,3.31
68.79,60.22,0,58.62,3.5
80.12,68.2,0,59.52,3.44
92.65,68.34,0,60.69,3.92
94.62,70.11,0,60.95,4.04
109.92,76.2,0,61.18,3.4
112.31,75.8,0,62.49,4.17
102.5,70.44,0.01,64.21,4.31
85.12,65.29,0,64.25,4
58.25,69.88,0,57.12,2.73
55.71,67.19,0,59.22,3.04
49.73,79.04,0.01,58.48,2.58
50.42,85,2,58.14,2.62
33.12,78.67,0,60.33,2.53
46.67,93.98,0,52.69,1.5
43.77,73.68,0,56.49,3.66
51.9,72.16,0,55.29,3.06
53.67,72.28,0,55.51,2.5
54.71,76.08,0,53.71,3.46
60.1,72.68,0,53.22,2.75
59.94,72.2,0,51.42,2.69
65.19,67.16,0,52.06,2.54
70.85,71.06,0,51.91,3.06
70.44,74.19,0,49.92,2.96
77,67.14,0,49.92,2.88
82.19,63.7,0,50.04,3.54
86.58,70.82,0,49.4,2.77
63.92,73.77,0,49.18,3.43
75.33,72.99,0,48.56,3.42
75.38,69.78,0,49.7,3.17
75.29,72.63,0,49.14,2.92
80.81,71.6,0,49.21,3.44
81.21,77.17,0,50.04,2.84
83.33,79.92,0,49.18,3.42
79.12,76.5,0,50.11,2.54
81.08,77.62,0,49.4,3.33
105.31,79.05,0,50.64,2.9
54.73,99.59,10.7,45.05,2.02
74.23,90.76,35,46.89,1.83
106.44,85.3,0,46.89,2.65
92.65,80.68,0,49.1,2.71
82.9,77.9,0,50.64,2.44
89.04,77.16,0,50.68,2.56
89,76.74,0,51.01,2.94
88.08,81.8,0,52.32,2.75
67.69,76.38,0,55.44,3.88
61.31,79.84,0,54.69,2.41
73.67,77.5,0,54.99,2.79
66.98,77.76,0.005,54.76,3.33
69.54,77.25,0,55.06,2.92
66.1,77.77,0.005,54.16,2.98
63.19,78.51,2.2,50.94,3.96
41.4,80.04,1.5,49.92,3.04
68.04,83,0,49.92,2.67
71.56,81.71,0,49.51,3.5
68.98,78.51,0,50.56,2.88
79.77,77.94,0,51.2,3.04
71.96,69.92,0,51.95,3.33
56.83,69.28,0,52.4,3.54
60.58,84.13,0.105,49.06,1.92
57.83,85.38,1.75,48.24,3.25
74.58,84.13,0.55,49.14,2.46
77.44,82.11,0.05,49.25,2.73
80.52,82.22,0,49.21,2.56
60.4,77.28,0,50.38,3.31
61.65,76.18,0,47.38,4.81
64.02,74.76,0.005,47.79,3.69
59.23,73.89,0,46.96,3.8
68.19,73.9,0,47.22,3.17
68.4,78.14,0,48.54,4.65
74.19,72.27,0,49.25,3.96
72.98,77.25,0,47.38,4.1
91.44,82.22,0,47.52,3.92
111.29,77.87,10.4,50.34,3.39
28.06,95.49,23.7,42.95,4.04
35.19,86.32,14.3,45.28,2.83
46.54,80.43,0,48.46,3.38
45.1,80.51,0,50.52,3.4
44.23,77.37,0,50.86,3.54
49.27,68.33,0,53.11,3.48
41.15,70.41,0.005,51.99,4.54
41.25,73.31,0,50.15,4.35
42.83,72.68,0,52.21,2.85
56.4,76.6,0,52.16,3.12
86.96,76.89,0,53.71,3.48
64.19,73.94,0,54.28,3.67
58.12,72.18,0,53.04,3.94
56.38,67.83,0,53.64,3.79
62.06,73.12,0,54.58,3.77
59.21,68.46,0,54.01,4.35
48.9,70.49,0.7,50.22,6.63
37.4,71.26,0.9,50.3,4.5
59.92,74.61,0,52.29,4.6
77.9,68.54,0.005,55.96,3.69
69.85,70.21,0,57.05,3.96
53.88,63.99,0,55.83,4.04
35.88,63.63,0.005,56.34,4.27
47.33,60.41,0,57.09,4.6
52.77,65.54,0,57.31,3.98
45.92,72.93,0,56.3,2.92
43.9,72.01,0,56.52,3
46.62,73.25,0,56.19,2.92
51.4,74.67,0,55.7,2.9
44.19,74.38,0,55.48,2.96
41.06,71.73,0,55.51,2.98
45.1,73.33,0,55.02,3.2
47.67,70.91,0,55.18,2.92
47.71,72.86,0,55.18,3.35
53.19,73.05,0,54.58,2.9
56.6,69.45,0,54.65,3.3
62.08,68.07,0,54.91,2.94
80.27,72.12,0,54.31,3.21
61.81,76.18,0,54.69,3.12
62.33,74.53,0,54.88,2.92
66.35,76.87,0,55.55,3.1
73.54,76.12,0,55.06,2.81
73.94,75.11,0,55.29,3.19
63.6,75.18,0,54.16,3.27
55.27,74.02,0,53.9,3.29
59.83,76.2,0,54.31,3.04
65.25,79.82,0,52.14,2.9
61.6,72.68,0,52.59,2.9
77.5,66.52,0,51.72,3
74.81,66.41,0,51.76,3.38
56.79,66.63,0,52.03,3.17
63.54,63.9,0,50.34,3.19
62.27,70.47,0,49.38,3.73
89.04,73.97,0,48.95,2.73
123.81,74.8,0,49.25,2.88
92.29,74.2,0,49.25,2.94
79.33,76.66,0,50.15,3
79.96,77.38,0,50.08,2.73
77.96,73.88,0,50.22,2.92
76.62,71.63,0,49.46,3.09
70.12,65.51,0,49.32,3.27
89.25,61.43,0,50.79,3.35
102.65,54.45,0,51.69,3.6
93.46,51.54,0,52.18,3.02
82.62,55.59,0,52.29,2.96
79.54,60.72,0,52.78,3.1
70.19,61.73,0,51.61,3.71
64.79,65.75,0,51.61,3.62
62.55,68.26,0,51.61,3.71
60.58,61.86,0,51.46,4.65
70.75,72.63,0,49.7,3.69
73.46,75.35,0,49.02,3.4
77.33,71.54,0,48.91,3.25
74.96,69.75,0,48.39,3.56
84.04,73.37,0,47.75,3.12
112.58,71.74,0,50.6,3.12
95.08,57.96,0,51.59,4.58
70.38,48.64,0,52.29,4.38
74.69,52.43,0,53.71,4.54
80,61.07,0,55.21,4.85
95.98,62.93,0,56.82,4.52
87.27,63.92,0,56.45,4.31
70.83,56.71,0,56.04,4.06
66.71,55.7,0,55.06,3.9
71.52,61.95,0,55.89,3.38
119.42,68.11,0,56.75,2.35
101.79,58.36,0,58.29,4.14
73.21,55.43,0,56.75,3.79
70.29,61.02,0,56.38,3.48
68.65,63.06,0,56.26,3.46
76.71,65.95,0,56.11,3.62
74.25,65.33,0,55.7,3.85
79.9,70.28,0,55.81,3.98
67.25,60.49,0,55.1,3.69
66.79,67.56,0,54.72,3.6
72.71,72.18,0,54.95,3.85
82.35,69.13,0,56.15,4.31
80.21,60.39,0,57.54,4.54
53.33,54.04,0,55.66,4.75
57.92,62.74,0,54.05,4.52
62.08,58.93,0,55.81,3.48
51.79,53.02,0,59.64,3.9
60.92,55.44,0,61.21,3.92
70.46,59.74,0,60.2,5.59
96.21,58.79,0,61.48,3.25
70.04,59.77,0,61.55,3.83
65.33,67.92,0,60.61,3.94
86.54,70.48,0,61.21,3.35
72.92,60.56,0,61.74,4.75
73.75,65.57,0,61.18,4.73
68.42,67.82,0,60.39,4.85
77.96,71.6,0,60.05,4.75
75.12,78.25,3,55.81,4.1
70.17,71.35,0.2,57.5,3.73
79.04,72.12,0,59.71,3.9
